concept_id,concept_name,domain_id,vocabulary_id,standard_concept,ancestor_concept_id
783432,canagliflozin 50 MG / Metformin 850 MG Oral Tablet [Vokanamet] Box of 60 by Mundipharma,Drug,RxNorm Extension,S,43526465
783433,canagliflozin 50 MG / Metformin 850 MG Oral Tablet [Vokanamet] Box of 180 by Mundipharma,Drug,RxNorm Extension,S,43526465
783434,canagliflozin 50 MG / Metformin 1000 MG Oral Tablet [Vokanamet] Box of 60 by Mundipharma,Drug,RxNorm Extension,S,43526465
783435,canagliflozin 50 MG / Metformin 1000 MG Oral Tablet [Vokanamet] Box of 180 by Mundipharma,Drug,RxNorm Extension,S,43526465
783436,canagliflozin 150 MG / Metformin 850 MG Oral Tablet [Vokanamet] Box of 60 by Mundipharma,Drug,RxNorm Extension,S,43526465
783437,canagliflozin 150 MG / Metformin 850 MG Oral Tablet [Vokanamet] Box of 180 by Mundipharma,Drug,RxNorm Extension,S,43526465
783438,canagliflozin 150 MG / Metformin 1000 MG Oral Tablet [Vokanamet] Box of 60 by Mundipharma,Drug,RxNorm Extension,S,43526465
783439,canagliflozin 150 MG / Metformin 1000 MG Oral Tablet [Vokanamet] Box of 180 by Mundipharma,Drug,RxNorm Extension,S,43526465
784068,canagliflozin 300 MG Oral Tablet [Invokana] Box of 30 by Mundipharma,Drug,RxNorm Extension,S,43526465
784069,canagliflozin 300 MG Oral Tablet [Invokana] Box of 90 by Mundipharma,Drug,RxNorm Extension,S,43526465
784070,canagliflozin 100 MG Oral Tablet [Invokana] Box of 30 by Mundipharma,Drug,RxNorm Extension,S,43526465
784071,canagliflozin 100 MG Oral Tablet [Invokana] Box of 90 by Mundipharma,Drug,RxNorm Extension,S,43526465
793293,ertugliflozin,Drug,RxNorm,S,793293
793296,ertugliflozin 2.5 MG,Drug,RxNorm,S,793293
793299,ertugliflozin / metformin Oral Tablet,Drug,RxNorm,S,793293
793300,ertugliflozin 2.5 MG / metformin hydrochloride 1000 MG Oral Tablet,Drug,RxNorm,S,793293
793302,ertugliflozin 2.5 MG / metformin hydrochloride 1000 MG [Segluromet],Drug,RxNorm,S,793293
793303,ertugliflozin / metformin Oral Tablet [Segluromet],Drug,RxNorm,S,793293
793306,ertugliflozin 2.5 MG / metformin hydrochloride 1000 MG Oral Tablet [Segluromet],Drug,RxNorm,S,793293
793307,ertugliflozin 2.5 MG / metformin hydrochloride 500 MG Oral Tablet,Drug,RxNorm,S,793293
793308,ertugliflozin 2.5 MG / metformin hydrochloride 500 MG [Segluromet],Drug,RxNorm,S,793293
793309,ertugliflozin 2.5 MG / metformin hydrochloride 500 MG Oral Tablet [Segluromet],Drug,RxNorm,S,793293
793310,ertugliflozin 7.5 MG,Drug,RxNorm,S,793293
793311,ertugliflozin 7.5 MG / metformin hydrochloride 1000 MG Oral Tablet,Drug,RxNorm,S,793293
793312,ertugliflozin 7.5 MG / metformin hydrochloride 1000 MG [Segluromet],Drug,RxNorm,S,793293
793313,ertugliflozin 7.5 MG / metformin hydrochloride 1000 MG Oral Tablet [Segluromet],Drug,RxNorm,S,793293
793314,ertugliflozin 7.5 MG / metformin hydrochloride 500 MG Oral Tablet,Drug,RxNorm,S,793293
793315,ertugliflozin 7.5 MG / metformin hydrochloride 500 MG [Segluromet],Drug,RxNorm,S,793293
793316,ertugliflozin 7.5 MG / metformin hydrochloride 500 MG Oral Tablet [Segluromet],Drug,RxNorm,S,793293
793317,ertugliflozin 5 MG,Drug,RxNorm,S,793293
793320,ertugliflozin Oral Tablet,Drug,RxNorm,S,793293
793321,ertugliflozin 5 MG Oral Tablet,Drug,RxNorm,S,793293
793323,ertugliflozin 5 MG [Steglatro],Drug,RxNorm,S,793293
793324,ertugliflozin Oral Tablet [Steglatro],Drug,RxNorm,S,793293
793327,ertugliflozin 5 MG Oral Tablet [Steglatro],Drug,RxNorm,S,793293
793328,ertugliflozin 15 MG,Drug,RxNorm,S,793293
793329,ertugliflozin 15 MG Oral Tablet,Drug,RxNorm,S,793293
793330,ertugliflozin 15 MG [Steglatro],Drug,RxNorm,S,793293
793331,ertugliflozin 15 MG Oral Tablet [Steglatro],Drug,RxNorm,S,793293
793334,ertugliflozin / sitagliptin Oral Tablet,Drug,RxNorm,S,793293
793335,ertugliflozin 15 MG / sitagliptin 100 MG Oral Tablet,Drug,RxNorm,S,793293
793337,ertugliflozin 15 MG / sitagliptin 100 MG [Steglujan],Drug,RxNorm,S,793293
793338,ertugliflozin / sitagliptin Oral Tablet [Steglujan],Drug,RxNorm,S,793293
793341,ertugliflozin 15 MG / sitagliptin 100 MG Oral Tablet [Steglujan],Drug,RxNorm,S,793293
793342,ertugliflozin 5 MG / sitagliptin 100 MG Oral Tablet,Drug,RxNorm,S,793293
793343,ertugliflozin 5 MG / sitagliptin 100 MG [Steglujan],Drug,RxNorm,S,793293
793344,ertugliflozin 5 MG / sitagliptin 100 MG Oral Tablet [Steglujan],Drug,RxNorm,S,793293
793825,dapagliflozin 2.5 MG,Drug,RxNorm,S,44785829
793826,24 HR dapagliflozin 2.5 MG / metformin hydrochloride 1000 MG Extended Release Oral Tablet,Drug,RxNorm,S,44785829
793827,dapagliflozin 2.5 MG / metformin hydrochloride 1000 MG [Xigduo],Drug,RxNorm,S,44785829
793828,24 HR dapagliflozin 2.5 MG / metformin hydrochloride 1000 MG Extended Release Oral Tablet [Xigduo],Drug,RxNorm,S,44785829
793829,dapagliflozin 2.5 MG / metformin hydrochloride 1000 MG Extended Release Oral Tablet,Drug,RxNorm,S,44785829
793830,dapagliflozin 2.5 MG / metformin hydrochloride 1000 MG Extended Release Oral Tablet [Xigduo],Drug,RxNorm,S,44785829
1145900,dapagliflozin / metformin / saxagliptin Extended Release Oral Tablet,Drug,RxNorm,S,44785829
1145902,dapagliflozin 10 MG / metformin hydrochloride 1000 MG / saxagliptin 5 MG [Qternmet],Drug,RxNorm,S,44785829
1145903,dapagliflozin / metformin / saxagliptin Extended Release Oral Tablet [Qternmet],Drug,RxNorm,S,44785829
1145906,dapagliflozin 10 MG / metformin hydrochloride 1000 MG / saxagliptin 5 MG Extended Release Oral Tablet,Drug,RxNorm,S,44785829
1145907,dapagliflozin 10 MG / metformin hydrochloride 1000 MG / saxagliptin 5 MG Extended Release Oral Tablet [Qternmet],Drug,RxNorm,S,44785829
1145908,dapagliflozin 2.5 MG / metformin hydrochloride 1000 MG / saxagliptin 2.5 MG [Qternmet],Drug,RxNorm,S,44785829
1145909,dapagliflozin 2.5 MG / metformin hydrochloride 1000 MG / saxagliptin 2.5 MG Extended Release Oral Tablet,Drug,RxNorm,S,44785829
1145910,dapagliflozin 2.5 MG / metformin hydrochloride 1000 MG / saxagliptin 2.5 MG Extended Release Oral Tablet [Qternmet],Drug,RxNorm,S,44785829
1145911,dapagliflozin 5 MG / metformin hydrochloride 1000 MG / saxagliptin 2.5 MG [Qternmet],Drug,RxNorm,S,44785829
1145912,dapagliflozin 5 MG / metformin hydrochloride 1000 MG / saxagliptin 2.5 MG Extended Release Oral Tablet,Drug,RxNorm,S,44785829
1145913,dapagliflozin 5 MG / metformin hydrochloride 1000 MG / saxagliptin 2.5 MG Extended Release Oral Tablet [Qternmet],Drug,RxNorm,S,44785829
1145914,dapagliflozin 5 MG / metformin hydrochloride 1000 MG / saxagliptin 5 MG [Qternmet],Drug,RxNorm,S,44785829
1145915,dapagliflozin 5 MG / metformin hydrochloride 1000 MG / saxagliptin 5 MG Extended Release Oral Tablet,Drug,RxNorm,S,44785829
1145916,dapagliflozin 5 MG / metformin hydrochloride 1000 MG / saxagliptin 5 MG Extended Release Oral Tablet [Qternmet],Drug,RxNorm,S,44785829
1146738,24 HR dapagliflozin 10 MG / metformin hydrochloride 1000 MG / saxagliptin 5 MG Extended Release Oral Tablet,Drug,RxNorm,S,44785829
1146739,24 HR dapagliflozin 10 MG / metformin hydrochloride 1000 MG / saxagliptin 5 MG Extended Release Oral Tablet [Qternmet],Drug,RxNorm,S,44785829
1146740,24 HR dapagliflozin 2.5 MG / metformin hydrochloride 1000 MG / saxagliptin 2.5 MG Extended Release Oral Tablet,Drug,RxNorm,S,44785829
1146741,24 HR dapagliflozin 2.5 MG / metformin hydrochloride 1000 MG / saxagliptin 2.5 MG Extended Release Oral Tablet [Qternmet],Drug,RxNorm,S,44785829
1146742,24 HR dapagliflozin 5 MG / metformin hydrochloride 1000 MG / saxagliptin 2.5 MG Extended Release Oral Tablet,Drug,RxNorm,S,44785829
1146743,24 HR dapagliflozin 5 MG / metformin hydrochloride 1000 MG / saxagliptin 2.5 MG Extended Release Oral Tablet [Qternmet],Drug,RxNorm,S,44785829
1146744,24 HR dapagliflozin 5 MG / metformin hydrochloride 1000 MG / saxagliptin 5 MG Extended Release Oral Tablet,Drug,RxNorm,S,44785829
1146745,24 HR dapagliflozin 5 MG / metformin hydrochloride 1000 MG / saxagliptin 5 MG Extended Release Oral Tablet [Qternmet],Drug,RxNorm,S,44785829
1396414,dapagliflozin 5 MG / saxagliptin 5 MG Oral Tablet,Drug,RxNorm,S,44785829
1396415,dapagliflozin 5 MG / saxagliptin 5 MG [Qtern],Drug,RxNorm,S,44785829
1396416,dapagliflozin 5 MG / saxagliptin 5 MG Oral Tablet [Qtern],Drug,RxNorm,S,44785829
1592316,dapagliflozin / saxagliptin Oral Tablet,Drug,RxNorm,S,44785829
1592317,dapagliflozin 10 MG / saxagliptin 5 MG Oral Tablet,Drug,RxNorm,S,44785829
1592319,dapagliflozin 10 MG / saxagliptin 5 MG [Qtern],Drug,RxNorm,S,44785829
1592320,dapagliflozin / saxagliptin Oral Tablet [Qtern],Drug,RxNorm,S,44785829
1592323,dapagliflozin 10 MG / saxagliptin 5 MG Oral Tablet [Qtern],Drug,RxNorm,S,44785829
1592652,empagliflozin / metformin Extended Release Oral Tablet,Drug,RxNorm,S,45774751
1592653,24 HR empagliflozin 10 MG / metformin hydrochloride 1000 MG Extended Release Oral Tablet,Drug,RxNorm,S,45774751
1592654,empagliflozin 10 MG / metformin hydrochloride 1000 MG [Synjardy],Drug,RxNorm,S,45774751
1592655,empagliflozin / metformin Extended Release Oral Tablet [Synjardy],Drug,RxNorm,S,45774751
1592656,24 HR empagliflozin 10 MG / metformin hydrochloride 1000 MG Extended Release Oral Tablet [Synjardy],Drug,RxNorm,S,45774751
1592657,empagliflozin 10 MG / metformin hydrochloride 1000 MG Extended Release Oral Tablet,Drug,RxNorm,S,45774751
1592793,empagliflozin 10 MG / metformin hydrochloride 1000 MG Extended Release Oral Tablet [Synjardy],Drug,RxNorm,S,45774751
1592794,24 HR empagliflozin 12.5 MG / metformin hydrochloride 1000 MG Extended Release Oral Tablet,Drug,RxNorm,S,45774751
1592795,24 HR empagliflozin 12.5 MG / metformin hydrochloride 1000 MG Extended Release Oral Tablet [Synjardy],Drug,RxNorm,S,45774751
1592796,empagliflozin 12.5 MG / metformin hydrochloride 1000 MG Extended Release Oral Tablet,Drug,RxNorm,S,45774751
1592797,empagliflozin 12.5 MG / metformin hydrochloride 1000 MG Extended Release Oral Tablet [Synjardy],Drug,RxNorm,S,45774751
1592798,24 HR empagliflozin 25 MG / metformin hydrochloride 1000 MG Extended Release Oral Tablet,Drug,RxNorm,S,45774751
1592799,empagliflozin 25 MG / metformin hydrochloride 1000 MG [Synjardy],Drug,RxNorm,S,45774751
1592800,24 HR empagliflozin 25 MG / metformin hydrochloride 1000 MG Extended Release Oral Tablet [Synjardy],Drug,RxNorm,S,45774751
1592801,empagliflozin 25 MG / metformin hydrochloride 1000 MG Extended Release Oral Tablet,Drug,RxNorm,S,45774751
1592802,empagliflozin 25 MG / metformin hydrochloride 1000 MG Extended Release Oral Tablet [Synjardy],Drug,RxNorm,S,45774751
1592803,24 HR empagliflozin 5 MG / metformin hydrochloride 1000 MG Extended Release Oral Tablet,Drug,RxNorm,S,45774751
1592804,24 HR empagliflozin 5 MG / metformin hydrochloride 1000 MG Extended Release Oral Tablet [Synjardy],Drug,RxNorm,S,45774751
1592805,empagliflozin 5 MG / metformin hydrochloride 1000 MG Extended Release Oral Tablet,Drug,RxNorm,S,45774751
1592806,empagliflozin 5 MG / metformin hydrochloride 1000 MG Extended Release Oral Tablet [Synjardy],Drug,RxNorm,S,45774751
1718898,canagliflozin / metformin Extended Release Oral Tablet,Drug,RxNorm,S,43526465
1718899,24 HR canagliflozin 150 MG / metformin hydrochloride 1000 MG Extended Release Oral Tablet,Drug,RxNorm,S,43526465
1718900,canagliflozin / metformin Extended Release Oral Tablet [Invokamet],Drug,RxNorm,S,43526465
1718901,24 HR canagliflozin 150 MG / metformin hydrochloride 1000 MG Extended Release Oral Tablet [Invokamet],Drug,RxNorm,S,43526465
1718902,canagliflozin 150 MG / metformin hydrochloride 1000 MG Extended Release Oral Tablet,Drug,RxNorm,S,43526465
1718903,canagliflozin 150 MG / metformin hydrochloride 1000 MG Extended Release Oral Tablet [Invokamet],Drug,RxNorm,S,43526465
1718904,24 HR canagliflozin 150 MG / metformin hydrochloride 500 MG Extended Release Oral Tablet,Drug,RxNorm,S,43526465
1718905,24 HR canagliflozin 150 MG / metformin hydrochloride 500 MG Extended Release Oral Tablet [Invokamet],Drug,RxNorm,S,43526465
1718906,canagliflozin 150 MG / metformin hydrochloride 500 MG Extended Release Oral Tablet,Drug,RxNorm,S,43526465
1718907,canagliflozin 150 MG / metformin hydrochloride 500 MG Extended Release Oral Tablet [Invokamet],Drug,RxNorm,S,43526465
1718908,24 HR canagliflozin 50 MG / metformin hydrochloride 1000 MG Extended Release Oral Tablet,Drug,RxNorm,S,43526465
1718909,24 HR canagliflozin 50 MG / metformin hydrochloride 1000 MG Extended Release Oral Tablet [Invokamet],Drug,RxNorm,S,43526465
1718910,canagliflozin 50 MG / metformin hydrochloride 1000 MG Extended Release Oral Tablet,Drug,RxNorm,S,43526465
1718911,canagliflozin 50 MG / metformin hydrochloride 1000 MG Extended Release Oral Tablet [Invokamet],Drug,RxNorm,S,43526465
1718912,24 HR canagliflozin 50 MG / metformin hydrochloride 500 MG Extended Release Oral Tablet,Drug,RxNorm,S,43526465
1718913,24 HR canagliflozin 50 MG / metformin hydrochloride 500 MG Extended Release Oral Tablet [Invokamet],Drug,RxNorm,S,43526465
1718914,canagliflozin 50 MG / metformin hydrochloride 500 MG Extended Release Oral Tablet,Drug,RxNorm,S,43526465
1718915,canagliflozin 50 MG / metformin hydrochloride 500 MG Extended Release Oral Tablet [Invokamet],Drug,RxNorm,S,43526465
1830930,ertugliflozin 2.5 MG / metformin 1000 MG Oral Tablet Box of 196,Drug,RxNorm Extension,S,793293
1830931,ertugliflozin 2.5 MG / metformin 1000 MG Oral Tablet [Segluromet] Box of 56 by MSD,Drug,RxNorm Extension,S,793293
1830932,ertugliflozin 2.5 MG / metformin 1000 MG Oral Tablet [Segluromet] Box of 196,Drug,RxNorm Extension,S,793293
1830933,ertugliflozin 2.5 MG / metformin 1000 MG Oral Tablet [Segluromet] Box of 196 by MSD,Drug,RxNorm Extension,S,793293
1830934,ertugliflozin 7.5 MG / metformin 1000 MG Oral Tablet Box of 196,Drug,RxNorm Extension,S,793293
1830935,ertugliflozin 7.5 MG / metformin 1000 MG Oral Tablet [Segluromet] Box of 56 by MSD,Drug,RxNorm Extension,S,793293
1830936,ertugliflozin 7.5 MG / metformin 1000 MG Oral Tablet [Segluromet] Box of 196,Drug,RxNorm Extension,S,793293
1830937,ertugliflozin 7.5 MG / metformin 1000 MG Oral Tablet [Segluromet] Box of 196 by MSD,Drug,RxNorm Extension,S,793293
1831138,ertugliflozin 5 MG / sitagliptin 100 MG Oral Tablet Box of 98,Drug,RxNorm Extension,S,793293
1831139,ertugliflozin 5 MG / sitagliptin 100 MG Oral Tablet [Steglujan] Box of 28 by MSD,Drug,RxNorm Extension,S,793293
1831140,ertugliflozin 5 MG / sitagliptin 100 MG Oral Tablet [Steglujan] Box of 98,Drug,RxNorm Extension,S,793293
1831141,ertugliflozin 5 MG / sitagliptin 100 MG Oral Tablet [Steglujan] Box of 98 by MSD,Drug,RxNorm Extension,S,793293
1831142,ertugliflozin 15 MG / sitagliptin 100 MG Oral Tablet [Steglujan] Box of 28 by MSD,Drug,RxNorm Extension,S,793293
1831143,ertugliflozin 15 MG / sitagliptin 100 MG Oral Tablet [Steglujan] Box of 98 by MSD,Drug,RxNorm Extension,S,793293
1831711,ertugliflozin 5 MG Oral Tablet Box of 98,Drug,RxNorm Extension,S,793293
1831712,ertugliflozin 5 MG Oral Tablet [Steglatro] Box of 28 by MSD,Drug,RxNorm Extension,S,793293
1831713,ertugliflozin 5 MG Oral Tablet [Steglatro] Box of 98,Drug,RxNorm Extension,S,793293
1831714,ertugliflozin 5 MG Oral Tablet [Steglatro] Box of 98 by MSD,Drug,RxNorm Extension,S,793293
1831715,ertugliflozin 15 MG Oral Tablet Box of 98,Drug,RxNorm Extension,S,793293
1831716,ertugliflozin 15 MG Oral Tablet [Steglatro] Box of 28 by MSD,Drug,RxNorm Extension,S,793293
1831717,ertugliflozin 15 MG Oral Tablet [Steglatro] Box of 98,Drug,RxNorm Extension,S,793293
1831718,ertugliflozin 15 MG Oral Tablet [Steglatro] Box of 98 by MSD,Drug,RxNorm Extension,S,793293
1970879,dapagliflozin 10 MG Delayed Release Oral Tablet Box of 10,Drug,RxNorm Extension,S,44785829
1970880,dapagliflozin 10 MG Delayed Release Oral Tablet [Forxiga] Box of 10,Drug,RxNorm Extension,S,44785829
1970881,dapagliflozin 10 MG Delayed Release Oral Tablet [Forxiga] Box of 10 by Astrazeneca,Drug,RxNorm Extension,S,44785829
1970882,dapagliflozin 10 MG Oral Tablet Box of 10,Drug,RxNorm Extension,S,44785829
1970883,dapagliflozin 10 MG Oral Tablet [Forxiga] Box of 10,Drug,RxNorm Extension,S,44785829
1970884,dapagliflozin 10 MG Oral Tablet [Forxiga] Box of 10 by Astrazeneca,Drug,RxNorm Extension,S,44785829
1970923,empagliflozin 10 MG Oral Tablet [Jardiance] Box of 100 by Bb Farma,Drug,RxNorm Extension,S,45774751
1970924,empagliflozin 25 MG Oral Tablet [Jardiance] Box of 100 by Bb Farma,Drug,RxNorm Extension,S,45774751
2043007,ertugliflozin 15 MG Oral Tablet [Steglatro] by MSD,Drug,RxNorm Extension,S,793293
2043008,ertugliflozin 5 MG Oral Tablet [Steglatro] by MSD,Drug,RxNorm Extension,S,793293
2912420,ertugliflozin 15 MG Oral Tablet [Steglatro] Box of 7,Drug,RxNorm Extension,S,793293
2912421,ertugliflozin 15 MG Oral Tablet Box of 7,Drug,RxNorm Extension,S,793293
2912422,ertugliflozin 5 MG Oral Tablet [Steglatro] Box of 7,Drug,RxNorm Extension,S,793293
2912423,ertugliflozin 5 MG Oral Tablet Box of 7,Drug,RxNorm Extension,S,793293
2919076,ertugliflozin 15 MG / sitagliptin 100 MG Oral Tablet [Steglujan] Box of 7,Drug,RxNorm Extension,S,793293
2919077,ertugliflozin 15 MG / sitagliptin 100 MG Oral Tablet Box of 7,Drug,RxNorm Extension,S,793293
2919078,ertugliflozin 5 MG / sitagliptin 100 MG Oral Tablet [Steglujan] Box of 28,Drug,RxNorm Extension,S,793293
2919079,ertugliflozin 5 MG / sitagliptin 100 MG Oral Tablet [Steglujan] Box of 7,Drug,RxNorm Extension,S,793293
2919080,ertugliflozin 5 MG / sitagliptin 100 MG Oral Tablet Box of 28,Drug,RxNorm Extension,S,793293
2919081,ertugliflozin 5 MG / sitagliptin 100 MG Oral Tablet Box of 7,Drug,RxNorm Extension,S,793293
2920876,ertugliflozin 7.5 MG / metformin 1000 MG Oral Tablet [Segluromet] Box of 56,Drug,RxNorm Extension,S,793293
2920877,ertugliflozin 7.5 MG / metformin 1000 MG Oral Tablet [Segluromet] Box of 14,Drug,RxNorm Extension,S,793293
2920878,ertugliflozin 7.5 MG / metformin 1000 MG Oral Tablet Box of 56,Drug,RxNorm Extension,S,793293
2920879,ertugliflozin 7.5 MG / metformin 1000 MG Oral Tablet Box of 14,Drug,RxNorm Extension,S,793293
2920880,ertugliflozin 2.5 MG / metformin 1000 MG Oral Tablet [Segluromet] Box of 56,Drug,RxNorm Extension,S,793293
2920881,ertugliflozin 2.5 MG / metformin 1000 MG Oral Tablet [Segluromet] Box of 14,Drug,RxNorm Extension,S,793293
2920882,ertugliflozin 2.5 MG / metformin 1000 MG Oral Tablet Box of 56,Drug,RxNorm Extension,S,793293
2920883,ertugliflozin 2.5 MG / metformin 1000 MG Oral Tablet Box of 14,Drug,RxNorm Extension,S,793293
2920884,ertugliflozin 7.5 MG / metformin 500 MG Oral Tablet [Segluromet] Box of 56,Drug,RxNorm Extension,S,793293
2920885,ertugliflozin 7.5 MG / metformin 500 MG Oral Tablet [Segluromet] Box of 14,Drug,RxNorm Extension,S,793293
2920886,ertugliflozin 7.5 MG / metformin 500 MG Oral Tablet Box of 56,Drug,RxNorm Extension,S,793293
2920887,ertugliflozin 7.5 MG / metformin 500 MG Oral Tablet Box of 14,Drug,RxNorm Extension,S,793293
2920888,ertugliflozin 2.5 MG / metformin 500 MG Oral Tablet [Segluromet] Box of 56,Drug,RxNorm Extension,S,793293
2920889,ertugliflozin 2.5 MG / metformin 500 MG Oral Tablet [Segluromet] Box of 14,Drug,RxNorm Extension,S,793293
2920890,ertugliflozin 2.5 MG / metformin 500 MG Oral Tablet Box of 56,Drug,RxNorm Extension,S,793293
2920891,ertugliflozin 2.5 MG / metformin 500 MG Oral Tablet Box of 14,Drug,RxNorm Extension,S,793293
2926536,empagliflozin 25 MG / linagliptin 5 MG Oral Tablet [Glyxambi] Box of 10,Drug,RxNorm Extension,S,45774751
2926537,empagliflozin 25 MG / linagliptin 5 MG Oral Tablet Box of 10,Drug,RxNorm Extension,S,45774751
2926538,empagliflozin 10 MG / linagliptin 5 MG Oral Tablet [Glyxambi] Box of 10,Drug,RxNorm Extension,S,45774751
2926539,empagliflozin 10 MG / linagliptin 5 MG Oral Tablet Box of 10,Drug,RxNorm Extension,S,45774751
2926540,empagliflozin 25 MG Oral Tablet [Jardiance] Box of 10,Drug,RxNorm Extension,S,45774751
2926541,empagliflozin 25 MG Oral Tablet Box of 10,Drug,RxNorm Extension,S,45774751
2926542,empagliflozin 10 MG Oral Tablet [Jardiance] Box of 10,Drug,RxNorm Extension,S,45774751
2926543,empagliflozin 10 MG Oral Tablet Box of 10,Drug,RxNorm Extension,S,45774751
2926938,dapagliflozin 10 MG / saxagliptin 5 MG Oral Tablet [Qtern] Box of 7,Drug,RxNorm Extension,S,44785829
2926939,dapagliflozin 10 MG / saxagliptin 5 MG Oral Tablet Box of 7,Drug,RxNorm Extension,S,44785829
2926941,dapagliflozin 10 MG / metformin 1000 MG Extended Release Oral Tablet [Xigduo] Box of 7,Drug,RxNorm Extension,S,44785829
2926942,dapagliflozin 10 MG / metformin 1000 MG Extended Release Oral Tablet Box of 7,Drug,RxNorm Extension,S,44785829
2926944,dapagliflozin 10 MG / metformin 500 MG Extended Release Oral Tablet [Xigduo] Box of 7,Drug,RxNorm Extension,S,44785829
2926945,dapagliflozin 10 MG / metformin 500 MG Extended Release Oral Tablet Box of 7,Drug,RxNorm Extension,S,44785829
2926946,dapagliflozin 5 MG / metformin 1000 MG Extended Release Oral Tablet [Xigduo] Box of 14,Drug,RxNorm Extension,S,44785829
2926947,dapagliflozin 5 MG / metformin 1000 MG Extended Release Oral Tablet Box of 14,Drug,RxNorm Extension,S,44785829
21022403,dapagliflozin 5 MG / Metformin 850 MG Oral Tablet Box of 56,Drug,RxNorm Extension,S,44785829
21022404,canagliflozin 50 MG / Metformin 850 MG Oral Tablet,Drug,RxNorm Extension,S,43526465
21022405,canagliflozin 50 MG / Metformin 1000 MG Oral Tablet [Vokanamet] by Janssen,Drug,RxNorm Extension,S,43526465
21022406,empagliflozin 5 MG / Metformin 1000 MG Oral Tablet [Synjardy] by Boehringer Ingelheim,Drug,RxNorm Extension,S,45774751
21022407,empagliflozin 12.5 MG / Metformin 850 MG [Synjardy],Drug,RxNorm Extension,S,45774751
21027308,empagliflozin 25 MG Oral Tablet [Jardiance] Box of 28 by Boehringer Ingelheim,Drug,RxNorm Extension,S,45774751
21032131,empagliflozin 12.5 MG / Metformin 850 MG Oral Tablet [Synjardy] by Boehringer Ingelheim,Drug,RxNorm Extension,S,45774751
21032132,empagliflozin 12.5 MG / Metformin 1000 MG Oral Tablet [Synjardy] Box of 56 by Boehringer Ingelheim,Drug,RxNorm Extension,S,45774751
21037074,dapagliflozin Oral Tablet [Forxiga],Drug,RxNorm Extension,S,44785829
21037075,dapagliflozin 5 MG Oral Tablet [Forxiga] Box of 28 by Waymade,Drug,RxNorm Extension,S,44785829
21037076,dapagliflozin 10 MG Oral Tablet [Forxiga],Drug,RxNorm Extension,S,44785829
21037077,dapagliflozin 10 MG Oral Tablet [Forxiga] by Waymade,Drug,RxNorm Extension,S,44785829
21037078,dapagliflozin 10 MG Oral Tablet [Forxiga] Box of 28,Drug,RxNorm Extension,S,44785829
21037079,canagliflozin 100 MG Oral Tablet [Invokana] by Janssen,Drug,RxNorm Extension,S,43526465
21042081,dapagliflozin 5 MG / Metformin 850 MG Oral Tablet [Xigduo],Drug,RxNorm Extension,S,44785829
21042082,canagliflozin 50 MG / Metformin 1000 MG [Vokanamet],Drug,RxNorm Extension,S,43526465
21042083,canagliflozin 50 MG / Metformin 1000 MG Oral Tablet [Vokanamet] Box of 60,Drug,RxNorm Extension,S,43526465
21042084,canagliflozin 50 MG / Metformin 1000 MG Oral Tablet [Vokanamet] Box of 60 by Janssen,Drug,RxNorm Extension,S,43526465
21042085,empagliflozin 12.5 MG / Metformin 850 MG Oral Tablet [Synjardy] Box of 56,Drug,RxNorm Extension,S,45774751
21042086,empagliflozin 12.5 MG / Metformin 1000 MG Oral Tablet [Synjardy] Box of 56,Drug,RxNorm Extension,S,45774751
21046995,dapagliflozin 10 MG [Forxiga],Drug,RxNorm Extension,S,44785829
21046996,dapagliflozin 10 MG Oral Tablet [Forxiga] Box of 28 by Astrazeneca,Drug,RxNorm Extension,S,44785829
21046997,canagliflozin 100 MG Oral Tablet by Colorama,Drug,RxNorm Extension,S,43526465
21046998,canagliflozin 100 MG Oral Tablet Box of 30 by Niche,Drug,RxNorm Extension,S,43526465
21051812,empagliflozin 5 MG / Metformin 850 MG [Synjardy],Drug,RxNorm Extension,S,45774751
21056724,dapagliflozin 5 MG Oral Tablet [Forxiga] by Waymade,Drug,RxNorm Extension,S,44785829
21056725,dapagliflozin 10 MG Oral Tablet [Forxiga] by Astrazeneca,Drug,RxNorm Extension,S,44785829
21056726,canagliflozin 100 MG Oral Tablet Box of 30,Drug,RxNorm Extension,S,43526465
21056727,canagliflozin 300 MG Oral Tablet [Invokana] by Janssen,Drug,RxNorm Extension,S,43526465
21061612,dapagliflozin 5 MG / Metformin 850 MG [Xigduo],Drug,RxNorm Extension,S,44785829
21061613,dapagliflozin 5 MG / Metformin 850 MG Oral Tablet,Drug,RxNorm Extension,S,44785829
21061614,empagliflozin 12.5 MG / Metformin 1000 MG Oral Tablet Box of 56,Drug,RxNorm Extension,S,45774751
21066569,canagliflozin 100 MG Oral Tablet [Invokana] Box of 30 by Janssen,Drug,RxNorm Extension,S,43526465
21066576,empagliflozin 10 MG Oral Tablet [Jardiance] Box of 28,Drug,RxNorm Extension,S,45774751
21071551,canagliflozin 50 MG / Metformin 850 MG Oral Tablet [Vokanamet] Box of 60,Drug,RxNorm Extension,S,43526465
21071552,canagliflozin 50 MG / Metformin 850 MG Oral Tablet [Vokanamet] Box of 60 by Janssen,Drug,RxNorm Extension,S,43526465
21076477,dapagliflozin 5 MG Oral Tablet [Forxiga] Box of 28,Drug,RxNorm Extension,S,44785829
21076478,canagliflozin 100 MG Oral Tablet by Niche,Drug,RxNorm Extension,S,43526465
21076479,canagliflozin 100 MG Oral Tablet Box of 30 by J M McGill,Drug,RxNorm Extension,S,43526465
21081255,dapagliflozin 5 MG / Metformin 850 MG Oral Tablet [Xigduo] Box of 56 by Astrazeneca,Drug,RxNorm Extension,S,44785829
21081256,dapagliflozin 5 MG / Metformin 1000 MG Oral Tablet [Xigduo] Box of 56,Drug,RxNorm Extension,S,44785829
21081257,empagliflozin 5 MG / Metformin 1000 MG Oral Tablet [Synjardy] Box of 56 by Boehringer Ingelheim,Drug,RxNorm Extension,S,45774751
21086192,dapagliflozin 5 MG Oral Tablet [Forxiga],Drug,RxNorm Extension,S,44785829
21086203,empagliflozin 10 MG Oral Tablet Box of 28,Drug,RxNorm Extension,S,45774751
21086204,empagliflozin 25 MG Oral Tablet [Jardiance] Box of 28,Drug,RxNorm Extension,S,45774751
21091000,dapagliflozin 5 MG / Metformin 850 MG Oral Tablet [Xigduo] Box of 56,Drug,RxNorm Extension,S,44785829
21091001,canagliflozin 50 MG / Metformin 1000 MG Oral Tablet [Vokanamet],Drug,RxNorm Extension,S,43526465
21091002,empagliflozin 5 MG / Metformin 850 MG Oral Tablet,Drug,RxNorm Extension,S,45774751
21091003,empagliflozin 5 MG / Metformin 850 MG Oral Tablet Box of 56,Drug,RxNorm Extension,S,45774751
21100926,empagliflozin 5 MG / Metformin 850 MG Oral Tablet [Synjardy],Drug,RxNorm Extension,S,45774751
21105861,dapagliflozin 5 MG Oral Tablet Box of 28,Drug,RxNorm Extension,S,44785829
21105862,dapagliflozin 5 MG Oral Tablet [Forxiga] by Astrazeneca,Drug,RxNorm Extension,S,44785829
21105863,canagliflozin 300 MG Oral Tablet by Colorama,Drug,RxNorm Extension,S,43526465
21105864,canagliflozin 300 MG Oral Tablet Box of 30,Drug,RxNorm Extension,S,43526465
21110746,empagliflozin 5 MG / Metformin 1000 MG Oral Tablet Box of 56,Drug,RxNorm Extension,S,45774751
21115639,dapagliflozin 10 MG Oral Tablet Box of 28,Drug,RxNorm Extension,S,44785829
21125279,dapagliflozin 5 MG [Forxiga],Drug,RxNorm Extension,S,44785829
21125280,dapagliflozin 5 MG Oral Tablet [Forxiga] Box of 28 by Astrazeneca,Drug,RxNorm Extension,S,44785829
21125281,canagliflozin 100 MG Oral Tablet by J M McGill,Drug,RxNorm Extension,S,43526465
21125282,canagliflozin 100 MG Oral Tablet Box of 30 by Colorama,Drug,RxNorm Extension,S,43526465
21125283,canagliflozin 300 MG Oral Tablet [Invokana] Box of 30,Drug,RxNorm Extension,S,43526465
21125291,empagliflozin 10 MG Oral Tablet [Jardiance] by Boehringer Ingelheim,Drug,RxNorm Extension,S,45774751
21130194,canagliflozin 50 MG / Metformin 850 MG Oral Tablet Box of 60,Drug,RxNorm Extension,S,43526465
21130195,canagliflozin 50 MG / Metformin 1000 MG Oral Tablet Box of 60,Drug,RxNorm Extension,S,43526465
21130196,empagliflozin 5 MG / Metformin 850 MG Oral Tablet [Synjardy] Box of 56 by Boehringer Ingelheim,Drug,RxNorm Extension,S,45774751
21130197,empagliflozin 12.5 MG / Metformin 850 MG Oral Tablet,Drug,RxNorm Extension,S,45774751
21140132,dapagliflozin 5 MG / Metformin 850 MG Oral Tablet [Xigduo] by Astrazeneca,Drug,RxNorm Extension,S,44785829
21140133,dapagliflozin 5 MG / Metformin 1000 MG Oral Tablet Box of 56,Drug,RxNorm Extension,S,44785829
21140134,empagliflozin 12.5 MG / Metformin 850 MG Oral Tablet [Synjardy] Box of 56 by Boehringer Ingelheim,Drug,RxNorm Extension,S,45774751
21145066,canagliflozin 300 MG Oral Tablet Box of 30 by Colorama,Drug,RxNorm Extension,S,43526465
21145067,canagliflozin 300 MG Oral Tablet [Invokana] Box of 30 by Janssen,Drug,RxNorm Extension,S,43526465
21145074,empagliflozin 10 MG Oral Tablet [Jardiance] Box of 28 by Boehringer Ingelheim,Drug,RxNorm Extension,S,45774751
21149975,dapagliflozin 5 MG / Metformin 1000 MG Oral Tablet [Xigduo] by Astrazeneca,Drug,RxNorm Extension,S,44785829
21149976,canagliflozin 50 MG / Metformin 850 MG Oral Tablet [Vokanamet] by Janssen,Drug,RxNorm Extension,S,43526465
21149977,empagliflozin 5 MG / Metformin 850 MG Oral Tablet [Synjardy] Box of 56,Drug,RxNorm Extension,S,45774751
21155014,empagliflozin 25 MG Oral Tablet Box of 28,Drug,RxNorm Extension,S,45774751
21159928,canagliflozin 50 MG / Metformin 850 MG [Vokanamet],Drug,RxNorm Extension,S,43526465
21159929,empagliflozin 5 MG / Metformin 850 MG Oral Tablet [Synjardy] by Boehringer Ingelheim,Drug,RxNorm Extension,S,45774751
21159930,empagliflozin 12.5 MG / Metformin 850 MG Oral Tablet Box of 56,Drug,RxNorm Extension,S,45774751
21159931,empagliflozin 12.5 MG / Metformin 850 MG Oral Tablet [Synjardy],Drug,RxNorm Extension,S,45774751
21159932,empagliflozin 12.5 MG / Metformin 1000 MG Oral Tablet [Synjardy] by Boehringer Ingelheim,Drug,RxNorm Extension,S,45774751
21164839,canagliflozin 100 MG Oral Tablet [Invokana] Box of 30,Drug,RxNorm Extension,S,43526465
21169723,dapagliflozin 5 MG / Metformin 1000 MG Oral Tablet [Xigduo] Box of 56 by Astrazeneca,Drug,RxNorm Extension,S,44785829
21169724,canagliflozin / Metformin Oral Tablet [Vokanamet],Drug,RxNorm Extension,S,43526465
21169725,canagliflozin 50 MG / Metformin 850 MG Oral Tablet [Vokanamet],Drug,RxNorm Extension,S,43526465
21169726,empagliflozin 5 MG / Metformin 1000 MG Oral Tablet [Synjardy] Box of 56,Drug,RxNorm Extension,S,45774751
21174561,dapagliflozin 10 MG Oral Tablet [Forxiga] Box of 28 by Waymade,Drug,RxNorm Extension,S,44785829
21174570,empagliflozin 25 MG Oral Tablet [Jardiance] by Boehringer Ingelheim,Drug,RxNorm Extension,S,45774751
35133042,canagliflozin 20 MG [TENELIA],Drug,RxNorm Extension,S,43526465
35133449,canagliflozin 20 MG Oral Tablet [TENELIA],Drug,RxNorm Extension,S,43526465
35137912,canagliflozin 20 MG,Drug,RxNorm Extension,S,43526465
35141352,canagliflozin 100 MG [Canaglu],Drug,RxNorm Extension,S,43526465
35142436,canagliflozin / Metformin Oral Tablet [Canalia],Drug,RxNorm Extension,S,43526465
35143968,canagliflozin Oral Tablet [TENELIA],Drug,RxNorm Extension,S,43526465
35155065,canagliflozin 20 MG Oral Tablet,Drug,RxNorm Extension,S,43526465
35155579,canagliflozin 100 MG Oral Tablet [Canaglu],Drug,RxNorm Extension,S,43526465
35155816,canagliflozin Oral Tablet [Canaglu],Drug,RxNorm Extension,S,43526465
35750437,canagliflozin 50 MG / Metformin 1000 MG Extended Release Oral Tablet [Vokanamet],Drug,RxNorm Extension,S,43526465
35754222,dapagliflozin 5 MG Extended Release Oral Tablet [Forxiga] Box of 28,Drug,RxNorm Extension,S,44785829
35754668,canagliflozin 50 MG / Metformin 1000 MG Extended Release Oral Tablet [Vokanamet] Box of 60,Drug,RxNorm Extension,S,43526465
35757868,dapagliflozin Extended Release Oral Tablet [Forxiga],Drug,RxNorm Extension,S,44785829
35758235,canagliflozin 50 MG / Metformin 1000 MG Extended Release Oral Tablet Box of 60,Drug,RxNorm Extension,S,43526465
35758345,dapagliflozin 5 MG Extended Release Oral Tablet [Forxiga],Drug,RxNorm Extension,S,44785829
35759111,dapagliflozin 5 MG Extended Release Oral Tablet [Forxiga] Box of 28 by Waymade,Drug,RxNorm Extension,S,44785829
35759112,dapagliflozin 5 MG Extended Release Oral Tablet [Forxiga] by Waymade,Drug,RxNorm Extension,S,44785829
35761407,dapagliflozin 5 MG / Metformin 1000 MG Extended Release Oral Tablet [Xigduo] Box of 56 by Astrazeneca,Drug,RxNorm Extension,S,44785829
35762252,dapagliflozin 5 MG Extended Release Oral Tablet Box of 28,Drug,RxNorm Extension,S,44785829
35762253,dapagliflozin 5 MG Extended Release Oral Tablet,Drug,RxNorm Extension,S,44785829
35763316,dapagliflozin 5 MG Extended Release Oral Tablet [Forxiga] Box of 28 by Astrazeneca,Drug,RxNorm Extension,S,44785829
35763317,dapagliflozin 5 MG Extended Release Oral Tablet [Forxiga] by Astrazeneca,Drug,RxNorm Extension,S,44785829
35765463,canagliflozin 50 MG / Metformin 1000 MG Extended Release Oral Tablet [Vokanamet] by Janssen,Drug,RxNorm Extension,S,43526465
35766101,dapagliflozin Extended Release Oral Tablet,Drug,RxNorm Extension,S,44785829
35769765,canagliflozin 50 MG / Metformin 1000 MG Extended Release Oral Tablet [Vokanamet] Box of 60 by Janssen,Drug,RxNorm Extension,S,43526465
35769766,dapagliflozin 5 MG / Metformin 1000 MG Extended Release Oral Tablet [Xigduo] by Astrazeneca,Drug,RxNorm Extension,S,44785829
35770563,canagliflozin / Metformin Extended Release Oral Tablet [Vokanamet],Drug,RxNorm Extension,S,43526465
35831140,empagliflozin / linagliptin Oral Tablet [Tradiance],Drug,RxNorm Extension,S,45774751
35831423,canagliflozin 40 MG Oral Tablet [TENELIA],Drug,RxNorm Extension,S,43526465
35831424,canagliflozin 40 MG Oral Tablet,Drug,RxNorm Extension,S,43526465
35831425,canagliflozin 40 MG [TENELIA],Drug,RxNorm Extension,S,43526465
35831426,canagliflozin 40 MG,Drug,RxNorm Extension,S,43526465
35887723,dapagliflozin 5 MG Oral Tablet [Forxiga] Box of 28 by Ethigen,Drug,RxNorm Extension,S,44785829
35887724,dapagliflozin 5 MG Oral Tablet [Forxiga] by Ethigen,Drug,RxNorm Extension,S,44785829
36035416,dapagliflozin 5 MG / metformin 850 MG Oral Tablet [Xigduo] Box of 56 by Abacus Medicine,Drug,RxNorm Extension,S,44785829
36035417,dapagliflozin 5 MG / metformin 850 MG Oral Tablet [Xigduo] Box of 196 by Abacus Medicine,Drug,RxNorm Extension,S,44785829
36035418,dapagliflozin 5 MG / metformin 1000 MG Oral Tablet [Xigduo] Box of 56 by Abacus Medicine,Drug,RxNorm Extension,S,44785829
36035419,dapagliflozin 5 MG / metformin 1000 MG Oral Tablet [Xigduo] Box of 196 by Abacus Medicine,Drug,RxNorm Extension,S,44785829
36035501,empagliflozin 10 MG Oral Tablet [Jardiance] Box of 100 by Abacus Medicine,Drug,RxNorm Extension,S,45774751
36035502,empagliflozin 10 MG Oral Tablet [Jardiance] Box of 100 by Eurim-Pharm,Drug,RxNorm Extension,S,45774751
36035503,empagliflozin 25 MG Oral Tablet [Jardiance] Box of 100 by Eurim-Pharm,Drug,RxNorm Extension,S,45774751
36035504,empagliflozin 10 MG / linagliptin 5 MG Oral Tablet Box of 30,Drug,RxNorm Extension,S,45774751
36035505,empagliflozin 10 MG / linagliptin 5 MG Oral Tablet Box of 100,Drug,RxNorm Extension,S,45774751
36035506,empagliflozin 10 MG / linagliptin 5 MG Oral Tablet [Glyxambi] Box of 30,Drug,RxNorm Extension,S,45774751
36035507,empagliflozin 10 MG / linagliptin 5 MG Oral Tablet [Glyxambi] Box of 30 by Boehringer Ingelheim,Drug,RxNorm Extension,S,45774751
36035508,empagliflozin 10 MG / linagliptin 5 MG Oral Tablet [Glyxambi] Box of 100,Drug,RxNorm Extension,S,45774751
36035509,empagliflozin 10 MG / linagliptin 5 MG Oral Tablet [Glyxambi] Box of 100 by Boehringer Ingelheim,Drug,RxNorm Extension,S,45774751
36035510,empagliflozin 10 MG / linagliptin 5 MG Oral Tablet [Glyxambi] Box of 100 by Medicopharm,Drug,RxNorm Extension,S,45774751
36035511,empagliflozin 25 MG / linagliptin 5 MG Oral Tablet Box of 30,Drug,RxNorm Extension,S,45774751
36035512,empagliflozin 25 MG / linagliptin 5 MG Oral Tablet Box of 100,Drug,RxNorm Extension,S,45774751
36035513,empagliflozin 25 MG / linagliptin 5 MG Oral Tablet [Glyxambi] Box of 30,Drug,RxNorm Extension,S,45774751
36035514,empagliflozin 25 MG / linagliptin 5 MG Oral Tablet [Glyxambi] Box of 30 by Boehringer Ingelheim,Drug,RxNorm Extension,S,45774751
36035515,empagliflozin 25 MG / linagliptin 5 MG Oral Tablet [Glyxambi] Box of 100,Drug,RxNorm Extension,S,45774751
36035516,empagliflozin 25 MG / linagliptin 5 MG Oral Tablet [Glyxambi] Box of 100 by Boehringer Ingelheim,Drug,RxNorm Extension,S,45774751
36035517,empagliflozin 25 MG / linagliptin 5 MG Oral Tablet [Glyxambi] Box of 100 by Medicopharm,Drug,RxNorm Extension,S,45774751
36065376,empagliflozin 25 MG Oral Tablet [Jardiance] Box of 30 by CST,Drug,RxNorm Extension,S,45774751
36065463,empagliflozin 25 MG / linagliptin 5 MG Oral Tablet [Glyxambi] Box of 28 by Boehringer Ingelheim,Drug,RxNorm Extension,S,45774751
36065464,empagliflozin 25 MG / linagliptin 5 MG Oral Tablet [Glyxambi] Box of 28,Drug,RxNorm Extension,S,45774751
36065465,empagliflozin 25 MG / linagliptin 5 MG Oral Tablet [Glyxambi] by Boehringer Ingelheim,Drug,RxNorm Extension,S,45774751
36065466,empagliflozin 25 MG / linagliptin 5 MG Oral Tablet Box of 28,Drug,RxNorm Extension,S,45774751
36065467,empagliflozin 10 MG / linagliptin 5 MG Oral Tablet [Glyxambi] Box of 28 by Boehringer Ingelheim,Drug,RxNorm Extension,S,45774751
36065468,empagliflozin 10 MG / linagliptin 5 MG Oral Tablet [Glyxambi] Box of 28,Drug,RxNorm Extension,S,45774751
36065469,empagliflozin 10 MG / linagliptin 5 MG Oral Tablet [Glyxambi] by Boehringer Ingelheim,Drug,RxNorm Extension,S,45774751
36065470,empagliflozin 10 MG / linagliptin 5 MG Oral Tablet Box of 28,Drug,RxNorm Extension,S,45774751
36065471,empagliflozin 12.5 MG / metformin 1000 MG Oral Tablet [Synjardy] Box of 60 by CST,Drug,RxNorm Extension,S,45774751
36065472,empagliflozin 12.5 MG / metformin 1000 MG Oral Tablet [Synjardy] by CST,Drug,RxNorm Extension,S,45774751
36065473,empagliflozin 5 MG / metformin 1000 MG Oral Tablet [Synjardy] Box of 60 by CST,Drug,RxNorm Extension,S,45774751
36065474,empagliflozin 5 MG / metformin 1000 MG Oral Tablet [Synjardy] by CST,Drug,RxNorm Extension,S,45774751
36065475,empagliflozin 25 MG Oral Tablet [Jardiance] Box of 30 by Mawdsley-Brooks,Drug,RxNorm Extension,S,45774751
36065476,empagliflozin 25 MG Oral Tablet [Jardiance] Box of 30 by DE,Drug,RxNorm Extension,S,45774751
36065477,empagliflozin 25 MG Oral Tablet [Jardiance] Box of 30 by Originalis B.V.,Drug,RxNorm Extension,S,45774751
36065478,empagliflozin 25 MG Oral Tablet [Jardiance] Box of 28 by DE,Drug,RxNorm Extension,S,45774751
36065479,empagliflozin 25 MG Oral Tablet [Jardiance] Box of 28 by CST,Drug,RxNorm Extension,S,45774751
36065480,empagliflozin 25 MG Oral Tablet [Jardiance] by Mawdsley-Brooks,Drug,RxNorm Extension,S,45774751
36065481,empagliflozin 25 MG Oral Tablet [Jardiance] by DE,Drug,RxNorm Extension,S,45774751
36065482,empagliflozin 25 MG Oral Tablet [Jardiance] by CST,Drug,RxNorm Extension,S,45774751
36065483,empagliflozin 25 MG Oral Tablet [Jardiance] by Originalis B.V.,Drug,RxNorm Extension,S,45774751
36065484,empagliflozin 10 MG Oral Tablet [Jardiance] Box of 30 by Mawdsley-Brooks,Drug,RxNorm Extension,S,45774751
36065485,empagliflozin 10 MG Oral Tablet [Jardiance] Box of 30 by DE,Drug,RxNorm Extension,S,45774751
36065486,empagliflozin 10 MG Oral Tablet [Jardiance] Box of 30 by CST,Drug,RxNorm Extension,S,45774751
36065487,empagliflozin 10 MG Oral Tablet [Jardiance] Box of 30 by Ethigen,Drug,RxNorm Extension,S,45774751
36065488,empagliflozin 10 MG Oral Tablet [Jardiance] Box of 30 by Originalis B.V.,Drug,RxNorm Extension,S,45774751
36065489,empagliflozin 10 MG Oral Tablet [Jardiance] Box of 28 by DE,Drug,RxNorm Extension,S,45774751
36065490,empagliflozin 10 MG Oral Tablet [Jardiance] Box of 28 by CST,Drug,RxNorm Extension,S,45774751
36065491,empagliflozin 10 MG Oral Tablet [Jardiance] by Mawdsley-Brooks,Drug,RxNorm Extension,S,45774751
36065492,empagliflozin 10 MG Oral Tablet [Jardiance] by DE,Drug,RxNorm Extension,S,45774751
36065493,empagliflozin 10 MG Oral Tablet [Jardiance] by CST,Drug,RxNorm Extension,S,45774751
36065494,empagliflozin 10 MG Oral Tablet [Jardiance] by Ethigen,Drug,RxNorm Extension,S,45774751
36065495,empagliflozin 10 MG Oral Tablet [Jardiance] by Originalis B.V.,Drug,RxNorm Extension,S,45774751
36065589,dapagliflozin 5 MG / metformin 1000 MG Oral Tablet [Xigduo] Box of 56 by DE,Drug,RxNorm Extension,S,44785829
36065590,dapagliflozin 5 MG / metformin 1000 MG Oral Tablet [Xigduo] Box of 56 by CST,Drug,RxNorm Extension,S,44785829
36065591,dapagliflozin 5 MG / metformin 1000 MG Oral Tablet [Xigduo] by DE,Drug,RxNorm Extension,S,44785829
36065592,dapagliflozin 5 MG / metformin 1000 MG Oral Tablet [Xigduo] by CST,Drug,RxNorm Extension,S,44785829
36065594,dapagliflozin 10 MG Oral Tablet [Forxiga] Box of 30 by DE,Drug,RxNorm Extension,S,44785829
36065595,dapagliflozin 10 MG Oral Tablet [Forxiga] Box of 30,Drug,RxNorm Extension,S,44785829
36065596,dapagliflozin 10 MG Oral Tablet [Forxiga] Box of 30 by Pharmaram,Drug,RxNorm Extension,S,44785829
36065597,dapagliflozin 10 MG Oral Tablet [Forxiga] Box of 28 by DE,Drug,RxNorm Extension,S,44785829
36065598,dapagliflozin 10 MG Oral Tablet [Forxiga] Box of 28 by CST,Drug,RxNorm Extension,S,44785829
36065599,dapagliflozin 10 MG Oral Tablet [Forxiga] Box of 28 by Ethigen,Drug,RxNorm Extension,S,44785829
36065600,dapagliflozin 10 MG Oral Tablet [Forxiga] Box of 28 by Pharmaram,Drug,RxNorm Extension,S,44785829
36065601,dapagliflozin 10 MG Oral Tablet [Forxiga] by DE,Drug,RxNorm Extension,S,44785829
36065602,dapagliflozin 10 MG Oral Tablet [Forxiga] by CST,Drug,RxNorm Extension,S,44785829
36065603,dapagliflozin 10 MG Oral Tablet [Forxiga] by Ethigen,Drug,RxNorm Extension,S,44785829
36065604,dapagliflozin 10 MG Oral Tablet [Forxiga] by Pharmaram,Drug,RxNorm Extension,S,44785829
36065605,dapagliflozin 10 MG Oral Tablet Box of 30,Drug,RxNorm Extension,S,44785829
36065606,dapagliflozin 5 MG Oral Tablet [Forxiga] Box of 28 by DE,Drug,RxNorm Extension,S,44785829
36065607,dapagliflozin 5 MG Oral Tablet [Forxiga] Box of 28 by CST,Drug,RxNorm Extension,S,44785829
36065608,dapagliflozin 5 MG Oral Tablet [Forxiga] Box of 28 by Pharmaram,Drug,RxNorm Extension,S,44785829
36065609,dapagliflozin 5 MG Oral Tablet [Forxiga] by DE,Drug,RxNorm Extension,S,44785829
36065610,dapagliflozin 5 MG Oral Tablet [Forxiga] by CST,Drug,RxNorm Extension,S,44785829
36065611,dapagliflozin 5 MG Oral Tablet [Forxiga] by Pharmaram,Drug,RxNorm Extension,S,44785829
36066342,canagliflozin 300 MG Oral Tablet [Invokana] Box of 30 by Mawdsley-Brooks,Drug,RxNorm Extension,S,43526465
36066343,canagliflozin 300 MG Oral Tablet [Invokana] by Mawdsley-Brooks,Drug,RxNorm Extension,S,43526465
36066344,canagliflozin 100 MG Oral Tablet [Invokana] Box of 30 by Mawdsley-Brooks,Drug,RxNorm Extension,S,43526465
36066345,canagliflozin 100 MG Oral Tablet [Invokana] Box of 30 by DE,Drug,RxNorm Extension,S,43526465
36066346,canagliflozin 100 MG Oral Tablet [Invokana] Box of 30 by Ethigen,Drug,RxNorm Extension,S,43526465
36066347,canagliflozin 100 MG Oral Tablet [Invokana] Box of 28,Drug,RxNorm Extension,S,43526465
36066348,canagliflozin 100 MG Oral Tablet [Invokana] Box of 28 by Pharmaram,Drug,RxNorm Extension,S,43526465
36066349,canagliflozin 100 MG Oral Tablet [Invokana] by Mawdsley-Brooks,Drug,RxNorm Extension,S,43526465
36066350,canagliflozin 100 MG Oral Tablet [Invokana] by DE,Drug,RxNorm Extension,S,43526465
36066351,canagliflozin 100 MG Oral Tablet [Invokana] by Ethigen,Drug,RxNorm Extension,S,43526465
36066352,canagliflozin 100 MG Oral Tablet [Invokana] by Pharmaram,Drug,RxNorm Extension,S,43526465
36074835,dapagliflozin 10 MG Oral Tablet [Forxiga] Box of 30 by CST,Drug,RxNorm Extension,S,44785829
36074836,dapagliflozin 10 MG Oral Tablet [Forxiga] Box of 30 by Ethigen,Drug,RxNorm Extension,S,44785829
36074921,canagliflozin 100 MG Oral Tablet Box of 28,Drug,RxNorm Extension,S,43526465
36258692,canagliflozin 50 MG / Metformin 1000 MG Oral Tablet [Vokanamet] Box of 180 by Janssen,Drug,RxNorm Extension,S,43526465
36258765,canagliflozin 300 MG Oral Tablet [Invokana] Box of 90 by Janssen,Drug,RxNorm Extension,S,43526465
36262387,canagliflozin 300 MG Oral Tablet [Invokana] Box of 90,Drug,RxNorm Extension,S,43526465
36266395,canagliflozin 50 MG / Metformin 850 MG Oral Tablet [Vokanamet] Box of 180 by Janssen,Drug,RxNorm Extension,S,43526465
36266526,canagliflozin 150 MG / Metformin 1000 MG Oral Tablet [Vokanamet] Box of 60 by Janssen,Drug,RxNorm Extension,S,43526465
36273902,canagliflozin 100 MG Oral Tablet [Invokana] Box of 90 by Janssen,Drug,RxNorm Extension,S,43526465
36274846,canagliflozin 100 MG Oral Tablet Box of 90,Drug,RxNorm Extension,S,43526465
36274847,canagliflozin 300 MG Oral Tablet Box of 90,Drug,RxNorm Extension,S,43526465
36275199,canagliflozin 100 MG Oral Tablet [Invokana] Box of 90,Drug,RxNorm Extension,S,43526465
36403778,empagliflozin 5 MG / Metformin 1000 MG Extended Release Oral Tablet [Synjardy] Box of 56,Drug,RxNorm Extension,S,45774751
36404063,empagliflozin 5 MG / Metformin 1000 MG Extended Release Oral Tablet [Synjardy] by Boehringer Ingelheim,Drug,RxNorm Extension,S,45774751
36405332,empagliflozin 12.5 MG / Metformin 1000 MG Extended Release Oral Tablet [Synjardy] Box of 56,Drug,RxNorm Extension,S,45774751
36406361,empagliflozin 12.5 MG / Metformin 1000 MG Extended Release Oral Tablet [Synjardy] Box of 56 by Boehringer Ingelheim,Drug,RxNorm Extension,S,45774751
36407178,empagliflozin 5 MG / Metformin 1000 MG Extended Release Oral Tablet [Synjardy] Box of 56 by Boehringer Ingelheim,Drug,RxNorm Extension,S,45774751
36407912,empagliflozin 12.5 MG / Metformin 1000 MG Extended Release Oral Tablet [Synjardy] by Boehringer Ingelheim,Drug,RxNorm Extension,S,45774751
36408963,empagliflozin 12.5 MG / Metformin 1000 MG Extended Release Oral Tablet Box of 56,Drug,RxNorm Extension,S,45774751
36408964,empagliflozin 5 MG / Metformin 1000 MG Extended Release Oral Tablet Box of 56,Drug,RxNorm Extension,S,45774751
36503641,ertugliflozin 5 MG / sitagliptin 100 MG Oral Tablet [Steglujan] Box of 30,Drug,RxNorm Extension,S,793293
36507091,ertugliflozin 5 MG / sitagliptin 100 MG Oral Tablet Box of 30,Drug,RxNorm Extension,S,793293
36507512,ertugliflozin 5 MG / sitagliptin 100 MG Oral Tablet [Steglujan] Box of 30 by Merck,Drug,RxNorm Extension,S,793293
36509850,empagliflozin 10 MG Delayed Release Oral Tablet [Jardiance] by Boehringer Ingelheim,Drug,RxNorm Extension,S,45774751
36782042,canagliflozin 100 MG Delayed Release Oral Tablet [Invokana] Box of 90 by Mundipharma,Drug,RxNorm Extension,S,43526465
36782043,canagliflozin 100 MG Delayed Release Oral Tablet [Invokana] Box of 90,Drug,RxNorm Extension,S,43526465
36782044,canagliflozin 100 MG Delayed Release Oral Tablet [Invokana] Box of 30 by Mundipharma,Drug,RxNorm Extension,S,43526465
36782045,canagliflozin 100 MG Delayed Release Oral Tablet [Invokana] Box of 30,Drug,RxNorm Extension,S,43526465
36782046,canagliflozin 100 MG Delayed Release Oral Tablet [Invokana],Drug,RxNorm Extension,S,43526465
36782047,canagliflozin 100 MG Delayed Release Oral Tablet Box of 90,Drug,RxNorm Extension,S,43526465
36782048,canagliflozin 100 MG Delayed Release Oral Tablet Box of 30,Drug,RxNorm Extension,S,43526465
36782049,canagliflozin 100 MG Delayed Release Oral Tablet,Drug,RxNorm Extension,S,43526465
36782050,canagliflozin 300 MG Delayed Release Oral Tablet [Invokana] Box of 90 by Mundipharma,Drug,RxNorm Extension,S,43526465
36782051,canagliflozin 300 MG Delayed Release Oral Tablet [Invokana] Box of 90,Drug,RxNorm Extension,S,43526465
36782052,canagliflozin 300 MG Delayed Release Oral Tablet [Invokana] Box of 30 by Mundipharma,Drug,RxNorm Extension,S,43526465
36782053,canagliflozin 300 MG Delayed Release Oral Tablet [Invokana] Box of 30,Drug,RxNorm Extension,S,43526465
36782054,canagliflozin 300 MG Delayed Release Oral Tablet [Invokana],Drug,RxNorm Extension,S,43526465
36782055,canagliflozin 300 MG Delayed Release Oral Tablet Box of 90,Drug,RxNorm Extension,S,43526465
36782056,canagliflozin 300 MG Delayed Release Oral Tablet Box of 30,Drug,RxNorm Extension,S,43526465
36782057,canagliflozin 300 MG Delayed Release Oral Tablet,Drug,RxNorm Extension,S,43526465
36782058,canagliflozin Delayed Release Oral Tablet [Invokana],Drug,RxNorm Extension,S,43526465
36782059,canagliflozin Delayed Release Oral Tablet,Drug,RxNorm Extension,S,43526465
36785100,canagliflozin 50 MG / Metformin 850 MG Delayed Release Oral Tablet [Vokanamet] Box of 180 by Mundipharma,Drug,RxNorm Extension,S,43526465
36785101,canagliflozin 50 MG / Metformin 850 MG Delayed Release Oral Tablet [Vokanamet] Box of 180,Drug,RxNorm Extension,S,43526465
36785102,canagliflozin 50 MG / Metformin 850 MG Delayed Release Oral Tablet [Vokanamet] Box of 60 by Mundipharma,Drug,RxNorm Extension,S,43526465
36785103,canagliflozin 50 MG / Metformin 850 MG Delayed Release Oral Tablet [Vokanamet] Box of 60,Drug,RxNorm Extension,S,43526465
36785104,canagliflozin 50 MG / Metformin 850 MG Delayed Release Oral Tablet [Vokanamet],Drug,RxNorm Extension,S,43526465
36785105,canagliflozin 50 MG / Metformin 850 MG Delayed Release Oral Tablet Box of 180,Drug,RxNorm Extension,S,43526465
36785106,canagliflozin 50 MG / Metformin 850 MG Delayed Release Oral Tablet Box of 60,Drug,RxNorm Extension,S,43526465
36785107,canagliflozin 50 MG / Metformin 850 MG Delayed Release Oral Tablet,Drug,RxNorm Extension,S,43526465
36785108,canagliflozin 150 MG / Metformin 850 MG Delayed Release Oral Tablet [Vokanamet] Box of 180 by Mundipharma,Drug,RxNorm Extension,S,43526465
36785109,canagliflozin 150 MG / Metformin 850 MG Delayed Release Oral Tablet [Vokanamet] Box of 180,Drug,RxNorm Extension,S,43526465
36785110,canagliflozin 150 MG / Metformin 850 MG Delayed Release Oral Tablet [Vokanamet] Box of 60 by Mundipharma,Drug,RxNorm Extension,S,43526465
36785111,canagliflozin 150 MG / Metformin 850 MG Delayed Release Oral Tablet [Vokanamet] Box of 60,Drug,RxNorm Extension,S,43526465
36785112,canagliflozin 150 MG / Metformin 850 MG Delayed Release Oral Tablet [Vokanamet],Drug,RxNorm Extension,S,43526465
36785113,canagliflozin 150 MG / Metformin 850 MG Delayed Release Oral Tablet Box of 180,Drug,RxNorm Extension,S,43526465
36785114,canagliflozin 150 MG / Metformin 850 MG Delayed Release Oral Tablet Box of 60,Drug,RxNorm Extension,S,43526465
36785115,canagliflozin 150 MG / Metformin 850 MG Delayed Release Oral Tablet,Drug,RxNorm Extension,S,43526465
36785116,canagliflozin 50 MG / Metformin 1000 MG Delayed Release Oral Tablet [Vokanamet] Box of 180 by Mundipharma,Drug,RxNorm Extension,S,43526465
36785117,canagliflozin 50 MG / Metformin 1000 MG Delayed Release Oral Tablet [Vokanamet] Box of 180,Drug,RxNorm Extension,S,43526465
36785118,canagliflozin 50 MG / Metformin 1000 MG Delayed Release Oral Tablet [Vokanamet] Box of 60 by Mundipharma,Drug,RxNorm Extension,S,43526465
36785119,canagliflozin 50 MG / Metformin 1000 MG Delayed Release Oral Tablet [Vokanamet] Box of 60,Drug,RxNorm Extension,S,43526465
36785120,canagliflozin 50 MG / Metformin 1000 MG Delayed Release Oral Tablet [Vokanamet],Drug,RxNorm Extension,S,43526465
36785121,canagliflozin 50 MG / Metformin 1000 MG Delayed Release Oral Tablet Box of 180,Drug,RxNorm Extension,S,43526465
36785123,canagliflozin 50 MG / Metformin 1000 MG Delayed Release Oral Tablet Box of 60,Drug,RxNorm Extension,S,43526465
36785124,canagliflozin 50 MG / Metformin 1000 MG Delayed Release Oral Tablet,Drug,RxNorm Extension,S,43526465
36785125,canagliflozin 150 MG / Metformin 1000 MG Delayed Release Oral Tablet [Vokanamet] Box of 180 by Mundipharma,Drug,RxNorm Extension,S,43526465
36785126,canagliflozin 150 MG / Metformin 1000 MG Delayed Release Oral Tablet [Vokanamet] Box of 180,Drug,RxNorm Extension,S,43526465
36785127,canagliflozin 150 MG / Metformin 1000 MG Delayed Release Oral Tablet [Vokanamet] Box of 60 by Mundipharma,Drug,RxNorm Extension,S,43526465
36785128,canagliflozin 150 MG / Metformin 1000 MG Delayed Release Oral Tablet [Vokanamet] Box of 60,Drug,RxNorm Extension,S,43526465
36785129,canagliflozin 150 MG / Metformin 1000 MG Delayed Release Oral Tablet [Vokanamet],Drug,RxNorm Extension,S,43526465
36785130,canagliflozin 150 MG / Metformin 1000 MG Delayed Release Oral Tablet Box of 180,Drug,RxNorm Extension,S,43526465
36785131,canagliflozin 150 MG / Metformin 1000 MG Delayed Release Oral Tablet Box of 60,Drug,RxNorm Extension,S,43526465
36785132,canagliflozin 150 MG / Metformin 1000 MG Delayed Release Oral Tablet,Drug,RxNorm Extension,S,43526465
36785133,canagliflozin / Metformin Delayed Release Oral Tablet [Vokanamet],Drug,RxNorm Extension,S,43526465
36785134,canagliflozin / Metformin Delayed Release Oral Tablet,Drug,RxNorm Extension,S,43526465
36788006,empagliflozin 5 MG / Metformin 850 MG Delayed Release Oral Tablet [Synjardy] Box of 200 by Boehringer Ingelheim,Drug,RxNorm Extension,S,45774751
36788007,empagliflozin 5 MG / Metformin 850 MG Delayed Release Oral Tablet [Synjardy] Box of 200,Drug,RxNorm Extension,S,45774751
36788008,empagliflozin 5 MG / Metformin 850 MG Delayed Release Oral Tablet [Synjardy] Box of 60 by Boehringer Ingelheim,Drug,RxNorm Extension,S,45774751
36788009,empagliflozin 5 MG / Metformin 850 MG Delayed Release Oral Tablet [Synjardy] Box of 60,Drug,RxNorm Extension,S,45774751
36788010,empagliflozin 5 MG / Metformin 850 MG Delayed Release Oral Tablet [Synjardy],Drug,RxNorm Extension,S,45774751
36788011,empagliflozin 5 MG / Metformin 850 MG Delayed Release Oral Tablet Box of 200,Drug,RxNorm Extension,S,45774751
36788012,empagliflozin 5 MG / Metformin 850 MG Delayed Release Oral Tablet Box of 60,Drug,RxNorm Extension,S,45774751
36788013,empagliflozin 5 MG / Metformin 850 MG Delayed Release Oral Tablet,Drug,RxNorm Extension,S,45774751
36788014,empagliflozin 5 MG / Metformin 1000 MG Extended Release Oral Tablet [Synjardy] Box of 200 by Boehringer Ingelheim,Drug,RxNorm Extension,S,45774751
36788015,empagliflozin 5 MG / Metformin 1000 MG Extended Release Oral Tablet [Synjardy] Box of 200,Drug,RxNorm Extension,S,45774751
36788016,empagliflozin 5 MG / Metformin 1000 MG Extended Release Oral Tablet Box of 200,Drug,RxNorm Extension,S,45774751
36788017,empagliflozin 5 MG / Metformin 1000 MG Delayed Release Oral Tablet [Synjardy] Box of 200 by Boehringer Ingelheim,Drug,RxNorm Extension,S,45774751
36788018,empagliflozin 5 MG / Metformin 1000 MG Delayed Release Oral Tablet [Synjardy] Box of 200,Drug,RxNorm Extension,S,45774751
36788019,empagliflozin 5 MG / Metformin 1000 MG Delayed Release Oral Tablet [Synjardy] Box of 60 by Boehringer Ingelheim,Drug,RxNorm Extension,S,45774751
36788020,empagliflozin 5 MG / Metformin 1000 MG Delayed Release Oral Tablet [Synjardy] Box of 60,Drug,RxNorm Extension,S,45774751
36788021,empagliflozin 5 MG / Metformin 1000 MG Delayed Release Oral Tablet [Synjardy],Drug,RxNorm Extension,S,45774751
36788022,empagliflozin 5 MG / Metformin 1000 MG Delayed Release Oral Tablet Box of 200,Drug,RxNorm Extension,S,45774751
36788023,empagliflozin 5 MG / Metformin 1000 MG Delayed Release Oral Tablet Box of 60,Drug,RxNorm Extension,S,45774751
36788024,empagliflozin 5 MG / Metformin 1000 MG Delayed Release Oral Tablet,Drug,RxNorm Extension,S,45774751
36788025,empagliflozin 12.5 MG / Metformin 850 MG Delayed Release Oral Tablet [Synjardy] Box of 200 by Boehringer Ingelheim,Drug,RxNorm Extension,S,45774751
36788026,empagliflozin 12.5 MG / Metformin 850 MG Delayed Release Oral Tablet [Synjardy] Box of 200,Drug,RxNorm Extension,S,45774751
36788027,empagliflozin 12.5 MG / Metformin 850 MG Delayed Release Oral Tablet [Synjardy] Box of 60 by Boehringer Ingelheim,Drug,RxNorm Extension,S,45774751
36788028,empagliflozin 12.5 MG / Metformin 850 MG Delayed Release Oral Tablet [Synjardy] Box of 60,Drug,RxNorm Extension,S,45774751
36788029,empagliflozin 12.5 MG / Metformin 850 MG Delayed Release Oral Tablet [Synjardy],Drug,RxNorm Extension,S,45774751
36788030,empagliflozin 12.5 MG / Metformin 850 MG Delayed Release Oral Tablet Box of 200,Drug,RxNorm Extension,S,45774751
36788031,empagliflozin 12.5 MG / Metformin 850 MG Delayed Release Oral Tablet Box of 60,Drug,RxNorm Extension,S,45774751
36788032,empagliflozin 12.5 MG / Metformin 850 MG Delayed Release Oral Tablet,Drug,RxNorm Extension,S,45774751
36788033,empagliflozin 12.5 MG / Metformin 1000 MG Extended Release Oral Tablet [Synjardy] Box of 200 by Boehringer Ingelheim,Drug,RxNorm Extension,S,45774751
36788034,empagliflozin 12.5 MG / Metformin 1000 MG Extended Release Oral Tablet [Synjardy] Box of 200,Drug,RxNorm Extension,S,45774751
36788035,empagliflozin 12.5 MG / Metformin 1000 MG Extended Release Oral Tablet [Synjardy] Box of 60 by Boehringer Ingelheim,Drug,RxNorm Extension,S,45774751
36788036,empagliflozin 12.5 MG / Metformin 1000 MG Extended Release Oral Tablet [Synjardy] Box of 60,Drug,RxNorm Extension,S,45774751
36788037,empagliflozin 12.5 MG / Metformin 1000 MG Extended Release Oral Tablet Box of 200,Drug,RxNorm Extension,S,45774751
36788038,empagliflozin 12.5 MG / Metformin 1000 MG Extended Release Oral Tablet Box of 60,Drug,RxNorm Extension,S,45774751
36788039,empagliflozin 12.5 MG / Metformin 1000 MG Delayed Release Oral Tablet [Synjardy] Box of 200 by Boehringer Ingelheim,Drug,RxNorm Extension,S,45774751
36788040,empagliflozin 12.5 MG / Metformin 1000 MG Delayed Release Oral Tablet [Synjardy] Box of 200,Drug,RxNorm Extension,S,45774751
36788041,empagliflozin 12.5 MG / Metformin 1000 MG Delayed Release Oral Tablet [Synjardy] Box of 60 by Boehringer Ingelheim,Drug,RxNorm Extension,S,45774751
36788042,empagliflozin 12.5 MG / Metformin 1000 MG Delayed Release Oral Tablet [Synjardy] Box of 60,Drug,RxNorm Extension,S,45774751
36788043,empagliflozin 12.5 MG / Metformin 1000 MG Delayed Release Oral Tablet [Synjardy],Drug,RxNorm Extension,S,45774751
36788044,empagliflozin 12.5 MG / Metformin 1000 MG Delayed Release Oral Tablet Box of 200,Drug,RxNorm Extension,S,45774751
36788045,empagliflozin 12.5 MG / Metformin 1000 MG Delayed Release Oral Tablet Box of 60,Drug,RxNorm Extension,S,45774751
36788046,empagliflozin 12.5 MG / Metformin 1000 MG Delayed Release Oral Tablet,Drug,RxNorm Extension,S,45774751
36788047,empagliflozin / Metformin Delayed Release Oral Tablet [Synjardy],Drug,RxNorm Extension,S,45774751
36788048,empagliflozin / Metformin Delayed Release Oral Tablet,Drug,RxNorm Extension,S,45774751
36788049,empagliflozin 25 MG Delayed Release Oral Tablet [Jardiance] Box of 100 by Boehringer Ingelheim,Drug,RxNorm Extension,S,45774751
36788050,empagliflozin 25 MG Delayed Release Oral Tablet [Jardiance] Box of 100,Drug,RxNorm Extension,S,45774751
36788051,empagliflozin 25 MG Delayed Release Oral Tablet [Jardiance] Box of 30 by Boehringer Ingelheim,Drug,RxNorm Extension,S,45774751
36788052,empagliflozin 25 MG Delayed Release Oral Tablet [Jardiance] Box of 30,Drug,RxNorm Extension,S,45774751
36788053,empagliflozin 25 MG Delayed Release Oral Tablet [Jardiance],Drug,RxNorm Extension,S,45774751
36788054,empagliflozin 25 MG Delayed Release Oral Tablet Box of 100,Drug,RxNorm Extension,S,45774751
36788055,empagliflozin 25 MG Delayed Release Oral Tablet Box of 30,Drug,RxNorm Extension,S,45774751
36788056,empagliflozin 25 MG Delayed Release Oral Tablet,Drug,RxNorm Extension,S,45774751
36788057,empagliflozin 10 MG Delayed Release Oral Tablet [Jardiance] Box of 100 by Boehringer Ingelheim,Drug,RxNorm Extension,S,45774751
36788058,empagliflozin 10 MG Delayed Release Oral Tablet [Jardiance] Box of 100,Drug,RxNorm Extension,S,45774751
36788059,empagliflozin 10 MG Delayed Release Oral Tablet [Jardiance] Box of 30 by Boehringer Ingelheim,Drug,RxNorm Extension,S,45774751
36788060,empagliflozin 10 MG Delayed Release Oral Tablet [Jardiance] Box of 30,Drug,RxNorm Extension,S,45774751
36788061,empagliflozin 10 MG Delayed Release Oral Tablet [Jardiance],Drug,RxNorm Extension,S,45774751
36788062,empagliflozin 10 MG Delayed Release Oral Tablet Box of 100,Drug,RxNorm Extension,S,45774751
36788063,empagliflozin 10 MG Delayed Release Oral Tablet Box of 30,Drug,RxNorm Extension,S,45774751
36788064,empagliflozin 10 MG Delayed Release Oral Tablet,Drug,RxNorm Extension,S,45774751
36788065,empagliflozin Delayed Release Oral Tablet [Jardiance],Drug,RxNorm Extension,S,45774751
36788066,empagliflozin Delayed Release Oral Tablet,Drug,RxNorm Extension,S,45774751
36788758,dapagliflozin 5 MG / Metformin 850 MG Delayed Release Oral Tablet [Xigduo] Box of 196 by Astrazeneca,Drug,RxNorm Extension,S,44785829
36788759,dapagliflozin 5 MG / Metformin 850 MG Delayed Release Oral Tablet [Xigduo] Box of 196,Drug,RxNorm Extension,S,44785829
36788760,dapagliflozin 5 MG / Metformin 850 MG Delayed Release Oral Tablet [Xigduo] Box of 56 by Astrazeneca,Drug,RxNorm Extension,S,44785829
36788761,dapagliflozin 5 MG / Metformin 850 MG Delayed Release Oral Tablet [Xigduo] Box of 56,Drug,RxNorm Extension,S,44785829
36788762,dapagliflozin 5 MG / Metformin 850 MG Delayed Release Oral Tablet [Xigduo],Drug,RxNorm Extension,S,44785829
36788763,dapagliflozin 5 MG / Metformin 850 MG Delayed Release Oral Tablet Box of 196,Drug,RxNorm Extension,S,44785829
36788764,dapagliflozin 5 MG / Metformin 850 MG Delayed Release Oral Tablet Box of 56,Drug,RxNorm Extension,S,44785829
36788765,dapagliflozin 5 MG / Metformin 850 MG Delayed Release Oral Tablet,Drug,RxNorm Extension,S,44785829
36788766,dapagliflozin 5 MG / Metformin 1000 MG Extended Release Oral Tablet [Xigduo] Box of 196 by Astrazeneca,Drug,RxNorm Extension,S,44785829
36788767,dapagliflozin 5 MG / Metformin 1000 MG Extended Release Oral Tablet [Xigduo] Box of 196,Drug,RxNorm Extension,S,44785829
36788768,dapagliflozin 5 MG / Metformin 1000 MG Extended Release Oral Tablet Box of 196,Drug,RxNorm Extension,S,44785829
36788769,dapagliflozin 5 MG / Metformin 1000 MG Delayed Release Oral Tablet [Xigduo] Box of 196 by Astrazeneca,Drug,RxNorm Extension,S,44785829
36788770,dapagliflozin 5 MG / Metformin 1000 MG Delayed Release Oral Tablet [Xigduo] Box of 196,Drug,RxNorm Extension,S,44785829
36788771,dapagliflozin 5 MG / Metformin 1000 MG Delayed Release Oral Tablet [Xigduo] Box of 56 by Astrazeneca,Drug,RxNorm Extension,S,44785829
36788772,dapagliflozin 5 MG / Metformin 1000 MG Delayed Release Oral Tablet [Xigduo] Box of 56,Drug,RxNorm Extension,S,44785829
36788773,dapagliflozin 5 MG / Metformin 1000 MG Delayed Release Oral Tablet [Xigduo],Drug,RxNorm Extension,S,44785829
36788774,dapagliflozin 5 MG / Metformin 1000 MG Delayed Release Oral Tablet Box of 196,Drug,RxNorm Extension,S,44785829
36788775,dapagliflozin 5 MG / Metformin 1000 MG Delayed Release Oral Tablet Box of 56,Drug,RxNorm Extension,S,44785829
36788776,dapagliflozin 5 MG / Metformin 1000 MG Delayed Release Oral Tablet,Drug,RxNorm Extension,S,44785829
36788777,dapagliflozin / Metformin Delayed Release Oral Tablet [Xigduo],Drug,RxNorm Extension,S,44785829
36788778,dapagliflozin / Metformin Delayed Release Oral Tablet,Drug,RxNorm Extension,S,44785829
36788779,dapagliflozin 10 MG Delayed Release Oral Tablet [Forxiga] Box of 98 by Astrazeneca,Drug,RxNorm Extension,S,44785829
36788780,dapagliflozin 10 MG Delayed Release Oral Tablet [Forxiga] Box of 98,Drug,RxNorm Extension,S,44785829
36788781,dapagliflozin 10 MG Delayed Release Oral Tablet [Forxiga] Box of 28 by Astrazeneca,Drug,RxNorm Extension,S,44785829
36788782,dapagliflozin 10 MG Delayed Release Oral Tablet [Forxiga] Box of 28,Drug,RxNorm Extension,S,44785829
36788783,dapagliflozin 10 MG Delayed Release Oral Tablet [Forxiga],Drug,RxNorm Extension,S,44785829
36788784,dapagliflozin 10 MG Delayed Release Oral Tablet Box of 98,Drug,RxNorm Extension,S,44785829
36788786,dapagliflozin 10 MG Delayed Release Oral Tablet Box of 28,Drug,RxNorm Extension,S,44785829
36788787,dapagliflozin 10 MG Delayed Release Oral Tablet,Drug,RxNorm Extension,S,44785829
36788788,dapagliflozin Delayed Release Oral Tablet [Forxiga],Drug,RxNorm Extension,S,44785829
36788789,dapagliflozin Delayed Release Oral Tablet,Drug,RxNorm Extension,S,44785829
36810294,ertugliflozin 15 MG Oral Tablet Box of 28,Drug,RxNorm Extension,S,793293
36810445,ertugliflozin 5 MG Oral Tablet Box of 28,Drug,RxNorm Extension,S,793293
36811625,ertugliflozin 5 MG Oral Tablet [Steglatro] by Merck,Drug,RxNorm Extension,S,793293
36812927,ertugliflozin 5 MG Oral Tablet [Steglatro] Box of 28,Drug,RxNorm Extension,S,793293
36812966,ertugliflozin 15 MG Oral Tablet [Steglatro] Box of 28 by Merck,Drug,RxNorm Extension,S,793293
36813349,ertugliflozin 15 MG Oral Tablet [Steglatro] by Merck,Drug,RxNorm Extension,S,793293
36813884,ertugliflozin 15 MG Oral Tablet [Steglatro] Box of 28,Drug,RxNorm Extension,S,793293
36814594,ertugliflozin 5 MG Oral Tablet [Steglatro] Box of 28 by Merck,Drug,RxNorm Extension,S,793293
36927492,empagliflozin 10 MG Oral Tablet [Jardiance] Box of 28,Drug,RxNorm Extension,S,45774751
36927535,canagliflozin 300 MG Oral Tablet [Invokana] Box of 30 by Pilsco,Drug,RxNorm Extension,S,43526465
36928709,canagliflozin 300 MG Oral Tablet [Invokana] by Pilsco,Drug,RxNorm Extension,S,43526465
36945567,dapagliflozin 5 MG Oral Tablet [Forxiga] Box of 30 by DE,Drug,RxNorm Extension,S,44785829
36946454,empagliflozin 10 MG Oral Tablet [Jardiance] Box of 28 by Ethigen,Drug,RxNorm Extension,S,45774751
36947610,canagliflozin 300 MG Oral Tablet [Invokana] Box of 30,Drug,RxNorm Extension,S,43526465
36962935,dapagliflozin 5 MG Oral Tablet Box of 30,Drug,RxNorm Extension,S,44785829
36969247,dapagliflozin 5 MG Oral Tablet [Forxiga] Box of 30,Drug,RxNorm Extension,S,44785829
37499586,empagliflozin / linagliptin / metformin Extended Release Oral Tablet,Drug,RxNorm,S,45774751
37499588,empagliflozin 10 MG / linagliptin 5 MG / metformin hydrochloride 1000 MG [Trijardy],Drug,RxNorm,S,45774751
37499589,empagliflozin / linagliptin / metformin Extended Release Oral Tablet [Trijardy],Drug,RxNorm,S,45774751
37499592,empagliflozin 10 MG / linagliptin 5 MG / metformin hydrochloride 1000 MG Extended Release Oral Tablet,Drug,RxNorm,S,45774751
37499593,empagliflozin 10 MG / linagliptin 5 MG / metformin hydrochloride 1000 MG Extended Release Oral Tablet [Trijardy],Drug,RxNorm,S,45774751
37499594,empagliflozin 12.5 MG / linagliptin 2.5 MG / metformin hydrochloride 1000 MG [Trijardy],Drug,RxNorm,S,45774751
37499595,empagliflozin 12.5 MG / linagliptin 2.5 MG / metformin hydrochloride 1000 MG Extended Release Oral Tablet,Drug,RxNorm,S,45774751
37499596,empagliflozin 12.5 MG / linagliptin 2.5 MG / metformin hydrochloride 1000 MG Extended Release Oral Tablet [Trijardy],Drug,RxNorm,S,45774751
37499618,empagliflozin 25 MG / linagliptin 5 MG / metformin hydrochloride 1000 MG [Trijardy],Drug,RxNorm,S,45774751
37499619,empagliflozin 25 MG / linagliptin 5 MG / metformin hydrochloride 1000 MG Extended Release Oral Tablet,Drug,RxNorm,S,45774751
37499620,empagliflozin 25 MG / linagliptin 5 MG / metformin hydrochloride 1000 MG Extended Release Oral Tablet [Trijardy],Drug,RxNorm,S,45774751
37499621,empagliflozin 5 MG / linagliptin 2.5 MG / metformin hydrochloride 1000 MG [Trijardy],Drug,RxNorm,S,45774751
37499622,empagliflozin 5 MG / linagliptin 2.5 MG / metformin hydrochloride 1000 MG Extended Release Oral Tablet,Drug,RxNorm,S,45774751
37499623,empagliflozin 5 MG / linagliptin 2.5 MG / metformin hydrochloride 1000 MG Extended Release Oral Tablet [Trijardy],Drug,RxNorm,S,45774751
37499832,24 HR empagliflozin 10 MG / linagliptin 5 MG / metformin hydrochloride 1000 MG Extended Release Oral Tablet,Drug,RxNorm,S,45774751
37499833,24 HR empagliflozin 10 MG / linagliptin 5 MG / metformin hydrochloride 1000 MG Extended Release Oral Tablet [Trijardy],Drug,RxNorm,S,45774751
37499834,24 HR empagliflozin 12.5 MG / linagliptin 2.5 MG / metformin hydrochloride 1000 MG Extended Release Oral Tablet,Drug,RxNorm,S,45774751
37499835,24 HR empagliflozin 12.5 MG / linagliptin 2.5 MG / metformin hydrochloride 1000 MG Extended Release Oral Tablet [Trijardy],Drug,RxNorm,S,45774751
37499836,24 HR empagliflozin 25 MG / linagliptin 5 MG / metformin hydrochloride 1000 MG Extended Release Oral Tablet,Drug,RxNorm,S,45774751
37499837,24 HR empagliflozin 25 MG / linagliptin 5 MG / metformin hydrochloride 1000 MG Extended Release Oral Tablet [Trijardy],Drug,RxNorm,S,45774751
37499838,24 HR empagliflozin 5 MG / linagliptin 2.5 MG / metformin hydrochloride 1000 MG Extended Release Oral Tablet,Drug,RxNorm,S,45774751
37499839,24 HR empagliflozin 5 MG / linagliptin 2.5 MG / metformin hydrochloride 1000 MG Extended Release Oral Tablet [Trijardy],Drug,RxNorm,S,45774751
37592683,ertugliflozin 15 MG / sitagliptin 100 MG Oral Tablet Box of 28,Drug,RxNorm Extension,S,793293
37592684,ertugliflozin 15 MG / sitagliptin 100 MG Oral Tablet Box of 98,Drug,RxNorm Extension,S,793293
37592685,ertugliflozin 15 MG / sitagliptin 100 MG Oral Tablet [Steglujan] Box of 28,Drug,RxNorm Extension,S,793293
37592686,ertugliflozin 15 MG / sitagliptin 100 MG Oral Tablet [Steglujan] Box of 28 by Merck,Drug,RxNorm Extension,S,793293
37592687,ertugliflozin 15 MG / sitagliptin 100 MG Oral Tablet [Steglujan] Box of 98,Drug,RxNorm Extension,S,793293
37592688,ertugliflozin 15 MG / sitagliptin 100 MG Oral Tablet [Steglujan] Box of 98 by Merck,Drug,RxNorm Extension,S,793293
40721261,canagliflozin 100 MG Oral Tablet [Invokana] Box of 30 by Napp,Drug,RxNorm Extension,S,43526465
40721262,canagliflozin 100 MG Oral Tablet [Invokana] by Napp,Drug,RxNorm Extension,S,43526465
40721263,canagliflozin 300 MG Oral Tablet [Invokana] Box of 30 by Napp,Drug,RxNorm Extension,S,43526465
40721264,canagliflozin 300 MG Oral Tablet [Invokana] by Napp,Drug,RxNorm Extension,S,43526465
40733353,canagliflozin 50 MG / Metformin 1000 MG Oral Tablet [Vokanamet] Box of 60 by Napp,Drug,RxNorm Extension,S,43526465
40733354,canagliflozin 50 MG / Metformin 1000 MG Oral Tablet [Vokanamet] by Napp,Drug,RxNorm Extension,S,43526465
40733355,canagliflozin 50 MG / Metformin 850 MG Oral Tablet [Vokanamet] Box of 60 by Napp,Drug,RxNorm Extension,S,43526465
40733356,canagliflozin 50 MG / Metformin 850 MG Oral Tablet [Vokanamet] by Napp,Drug,RxNorm Extension,S,43526465
40749309,dapagliflozin 10 MG / saxagliptin 5 MG Oral Tablet [Qtern] Box of 28 by Astrazeneca,Drug,RxNorm Extension,S,44785829
40749310,dapagliflozin 10 MG / saxagliptin 5 MG Oral Tablet [Qtern] Box of 28,Drug,RxNorm Extension,S,44785829
40749311,dapagliflozin 10 MG / saxagliptin 5 MG Oral Tablet [Qtern] by Astrazeneca,Drug,RxNorm Extension,S,44785829
40749312,dapagliflozin 10 MG / saxagliptin 5 MG Oral Tablet Box of 28,Drug,RxNorm Extension,S,44785829
40823309,canagliflozin 50 MG / Metformin 850 MG Oral Tablet Box of 180,Drug,RxNorm Extension,S,43526465
40837560,canagliflozin 150 MG / Metformin 850 MG Oral Tablet Box of 60,Drug,RxNorm Extension,S,43526465
40846850,empagliflozin 12.5 MG / Metformin 850 MG Oral Tablet [Synjardy] Box of 60,Drug,RxNorm Extension,S,45774751
40846851,empagliflozin 25 MG Oral Tablet [Jardiance] Box of 100,Drug,RxNorm Extension,S,45774751
40855378,empagliflozin 10 MG Oral Tablet [Jardiance] Box of 30 by Boehringer Ingelheim,Drug,RxNorm Extension,S,45774751
40855800,dapagliflozin 10 MG Oral Tablet [Forxiga] Box of 98 by Astrazeneca,Drug,RxNorm Extension,S,44785829
40856478,canagliflozin 150 MG / Metformin 850 MG Oral Tablet [Vokanamet] Box of 180 by Janssen,Drug,RxNorm Extension,S,43526465
40856479,canagliflozin 100 MG Oral Tablet [Invokana] Box of 100 by Janssen,Drug,RxNorm Extension,S,43526465
40867649,empagliflozin 12.5 MG / Metformin 1000 MG Oral Tablet Box of 200,Drug,RxNorm Extension,S,45774751
40880199,canagliflozin 300 MG Oral Tablet [Invokana] Box of 100,Drug,RxNorm Extension,S,43526465
40886682,empagliflozin 12.5 MG / Metformin 850 MG Oral Tablet [Synjardy] Box of 60 by Boehringer Ingelheim,Drug,RxNorm Extension,S,45774751
40886683,empagliflozin 25 MG Oral Tablet [Jardiance] Box of 30 by Boehringer Ingelheim,Drug,RxNorm Extension,S,45774751
40887126,dapagliflozin 10 MG Oral Tablet [Forxiga] Box of 28 by Eurim-Pharm,Drug,RxNorm Extension,S,44785829
40898738,empagliflozin 10 MG Oral Tablet Box of 70,Drug,RxNorm Extension,S,45774751
40918011,dapagliflozin 5 MG / Metformin 1000 MG Oral Tablet [Xigduo] Box of 196 by Astrazeneca,Drug,RxNorm Extension,S,44785829
40923221,canagliflozin 150 MG / Metformin 850 MG [Vokanamet],Drug,RxNorm Extension,S,43526465
40929854,empagliflozin 12.5 MG / Metformin 850 MG Oral Tablet Box of 200,Drug,RxNorm Extension,S,45774751
40929855,empagliflozin 5 MG / Metformin 1000 MG Oral Tablet Box of 200,Drug,RxNorm Extension,S,45774751
40929856,empagliflozin 25 MG Oral Tablet Box of 100,Drug,RxNorm Extension,S,45774751
40930896,canagliflozin 100 MG Oral Tablet Box of 100,Drug,RxNorm Extension,S,43526465
40942528,canagliflozin 150 MG / Metformin 1000 MG Oral Tablet [Vokanamet],Drug,RxNorm Extension,S,43526465
40962151,canagliflozin 300 MG Oral Tablet Box of 100,Drug,RxNorm Extension,S,43526465
40972105,dapagliflozin 5 MG / Metformin 1000 MG Oral Tablet [Xigduo] Box of 196,Drug,RxNorm Extension,S,44785829
40980366,dapagliflozin 10 MG Oral Tablet [Forxiga] Box of 98 by European,Drug,RxNorm Extension,S,44785829
40981049,canagliflozin 300 MG Oral Tablet [Invokana] Box of 30 by Orifarm Leverkus,Drug,RxNorm Extension,S,43526465
40981050,canagliflozin 300 MG Oral Tablet [Invokana] Box of 100 by Orifarm Leverkus,Drug,RxNorm Extension,S,43526465
40992434,empagliflozin 12.5 MG / Metformin 850 MG Oral Tablet Box of 90,Drug,RxNorm Extension,S,45774751
40992435,empagliflozin 10 MG Oral Tablet Box of 100,Drug,RxNorm Extension,S,45774751
41002675,empagliflozin 5 MG / Metformin 850 MG Oral Tablet [Synjardy] Box of 200,Drug,RxNorm Extension,S,45774751
41002676,empagliflozin 12.5 MG / Metformin 1000 MG Oral Tablet [Synjardy] Box of 200,Drug,RxNorm Extension,S,45774751
41004868,canagliflozin 150 MG / Metformin 1000 MG Oral Tablet [Vokanamet] Box of 60,Drug,RxNorm Extension,S,43526465
41011259,empagliflozin 5 MG / Metformin 1000 MG Oral Tablet [Synjardy] Box of 60 by Boehringer Ingelheim,Drug,RxNorm Extension,S,45774751
41011260,empagliflozin 12.5 MG / Metformin 1000 MG Oral Tablet [Synjardy] Box of 200 by Boehringer Ingelheim,Drug,RxNorm Extension,S,45774751
41011261,empagliflozin 25 MG Oral Tablet [Jardiance] Box of 100 by Boehringer Ingelheim,Drug,RxNorm Extension,S,45774751
41023360,empagliflozin 5 MG / Metformin 850 MG Oral Tablet Box of 90,Drug,RxNorm Extension,S,45774751
41023709,dapagliflozin 10 MG Oral Tablet Box of 98,Drug,RxNorm Extension,S,44785829
41024376,canagliflozin 150 MG / Metformin 1000 MG Oral Tablet Box of 60,Drug,RxNorm Extension,S,43526465
41033737,empagliflozin 25 MG Oral Tablet [Jardiance] Box of 70,Drug,RxNorm Extension,S,45774751
41042795,dapagliflozin 10 MG Oral Tablet [Forxiga] Box of 28 by European,Drug,RxNorm Extension,S,44785829
41042796,dapagliflozin 10 MG Oral Tablet [Forxiga] Box of 98 by Eurim-Pharm,Drug,RxNorm Extension,S,44785829
41064871,empagliflozin 5 MG / Metformin 1000 MG Oral Tablet [Synjardy] Box of 90,Drug,RxNorm Extension,S,45774751
41064872,empagliflozin 10 MG Oral Tablet [Jardiance] Box of 70,Drug,RxNorm Extension,S,45774751
41065711,dapagliflozin 5 MG / Metformin 850 MG Oral Tablet [Xigduo] Box of 196,Drug,RxNorm Extension,S,44785829
41065712,dapagliflozin 5 MG / Metformin 850 MG Oral Tablet [Xigduo] Box of 60,Drug,RxNorm Extension,S,44785829
41067153,canagliflozin 150 MG / Metformin 850 MG Oral Tablet [Vokanamet],Drug,RxNorm Extension,S,43526465
41074785,canagliflozin 300 MG Oral Tablet [Invokana] Box of 100 by Janssen,Drug,RxNorm Extension,S,43526465
41097250,dapagliflozin 10 MG Oral Tablet [Forxiga] Box of 98,Drug,RxNorm Extension,S,44785829
41098623,canagliflozin 50 MG / Metformin 1000 MG Oral Tablet [Vokanamet] Box of 180,Drug,RxNorm Extension,S,43526465
41105127,empagliflozin 5 MG / Metformin 1000 MG Oral Tablet [Synjardy] Box of 200 by Boehringer Ingelheim,Drug,RxNorm Extension,S,45774751
41105128,empagliflozin 12.5 MG / Metformin 1000 MG Oral Tablet [Synjardy] Box of 60 by Boehringer Ingelheim,Drug,RxNorm Extension,S,45774751
41105129,empagliflozin 25 MG Oral Tablet [Jardiance] Box of 70 by Boehringer Ingelheim,Drug,RxNorm Extension,S,45774751
41117426,empagliflozin 5 MG / Metformin 850 MG Oral Tablet Box of 200,Drug,RxNorm Extension,S,45774751
41117427,empagliflozin 25 MG Oral Tablet Box of 70,Drug,RxNorm Extension,S,45774751
41127720,empagliflozin 5 MG / Metformin 1000 MG Oral Tablet [Synjardy] Box of 60,Drug,RxNorm Extension,S,45774751
41128589,dapagliflozin 5 MG / Metformin 1000 MG Oral Tablet [Xigduo] Box of 60,Drug,RxNorm Extension,S,44785829
41136536,empagliflozin 10 MG Oral Tablet [Jardiance] Box of 100 by Boehringer Ingelheim,Drug,RxNorm Extension,S,45774751
41137648,canagliflozin 100 MG Oral Tablet [Invokana] Box of 100 by Orifarm Leverkus,Drug,RxNorm Extension,S,43526465
41149902,canagliflozin 150 MG / Metformin 1000 MG Oral Tablet Box of 180,Drug,RxNorm Extension,S,43526465
41149903,canagliflozin 50 MG / Metformin 1000 MG Oral Tablet Box of 180,Drug,RxNorm Extension,S,43526465
41159219,empagliflozin 12.5 MG / Metformin 850 MG Oral Tablet [Synjardy] Box of 200,Drug,RxNorm Extension,S,45774751
41161397,canagliflozin 150 MG / Metformin 850 MG Oral Tablet [Vokanamet] Box of 60,Drug,RxNorm Extension,S,43526465
41180318,dapagliflozin 5 MG / Metformin 850 MG Oral Tablet Box of 60,Drug,RxNorm Extension,S,44785829
41190318,empagliflozin 10 MG Oral Tablet [Jardiance] Box of 100,Drug,RxNorm Extension,S,45774751
41199151,empagliflozin 12.5 MG / Metformin 1000 MG Oral Tablet [Synjardy] Box of 90 by Boehringer Ingelheim,Drug,RxNorm Extension,S,45774751
41204783,canagliflozin 150 MG / Metformin 1000 MG [Vokanamet],Drug,RxNorm Extension,S,43526465
41211430,empagliflozin 12.5 MG / Metformin 1000 MG Oral Tablet Box of 90,Drug,RxNorm Extension,S,45774751
41211729,dapagliflozin 5 MG / Metformin 850 MG Oral Tablet Box of 196,Drug,RxNorm Extension,S,44785829
41221494,empagliflozin 5 MG / Metformin 850 MG Oral Tablet [Synjardy] Box of 60,Drug,RxNorm Extension,S,45774751
41223590,canagliflozin 150 MG / Metformin 850 MG Oral Tablet [Vokanamet] Box of 180,Drug,RxNorm Extension,S,43526465
41223591,canagliflozin 50 MG / Metformin 850 MG Oral Tablet [Vokanamet] Box of 180,Drug,RxNorm Extension,S,43526465
41230230,empagliflozin 10 MG Oral Tablet [Jardiance] Box of 70 by Boehringer Ingelheim,Drug,RxNorm Extension,S,45774751
41230652,dapagliflozin 5 MG / Metformin 1000 MG Oral Tablet [Xigduo] Box of 60 by Astrazeneca,Drug,RxNorm Extension,S,44785829
41252475,empagliflozin 5 MG / Metformin 850 MG Oral Tablet [Synjardy] Box of 90,Drug,RxNorm Extension,S,45774751
41252476,empagliflozin 5 MG / Metformin 1000 MG Oral Tablet [Synjardy] Box of 200,Drug,RxNorm Extension,S,45774751
41260973,empagliflozin 5 MG / Metformin 850 MG Oral Tablet [Synjardy] Box of 60 by Boehringer Ingelheim,Drug,RxNorm Extension,S,45774751
41260974,empagliflozin 5 MG / Metformin 850 MG Oral Tablet [Synjardy] Box of 200 by Boehringer Ingelheim,Drug,RxNorm Extension,S,45774751
41260975,empagliflozin 12.5 MG / Metformin 850 MG Oral Tablet [Synjardy] Box of 200 by Boehringer Ingelheim,Drug,RxNorm Extension,S,45774751
41261372,dapagliflozin 5 MG / Metformin 850 MG Oral Tablet [Xigduo] Box of 196 by Astrazeneca,Drug,RxNorm Extension,S,44785829
41261373,dapagliflozin 5 MG / Metformin 850 MG Oral Tablet [Xigduo] Box of 60 by Astrazeneca,Drug,RxNorm Extension,S,44785829
41273536,dapagliflozin 5 MG / Metformin 1000 MG Oral Tablet Box of 196,Drug,RxNorm Extension,S,44785829
41273537,dapagliflozin 5 MG / Metformin 1000 MG Oral Tablet Box of 60,Drug,RxNorm Extension,S,44785829
41283409,empagliflozin 12.5 MG / Metformin 1000 MG Oral Tablet [Synjardy] Box of 60,Drug,RxNorm Extension,S,45774751
41283410,empagliflozin 12.5 MG / Metformin 1000 MG Oral Tablet [Synjardy] Box of 90,Drug,RxNorm Extension,S,45774751
41285598,canagliflozin 100 MG Oral Tablet [Invokana] Box of 100,Drug,RxNorm Extension,S,43526465
41293189,canagliflozin 150 MG / Metformin 1000 MG Oral Tablet [Vokanamet] Box of 180 by Janssen,Drug,RxNorm Extension,S,43526465
41293190,canagliflozin 100 MG Oral Tablet [Invokana] Box of 30 by Orifarm Leverkus,Drug,RxNorm Extension,S,43526465
41304277,empagliflozin 5 MG / Metformin 1000 MG Oral Tablet Box of 90,Drug,RxNorm Extension,S,45774751
41305331,canagliflozin 150 MG / Metformin 850 MG Oral Tablet Box of 180,Drug,RxNorm Extension,S,43526465
41314687,empagliflozin 12.5 MG / Metformin 850 MG Oral Tablet [Synjardy] Box of 90,Drug,RxNorm Extension,S,45774751
41316938,canagliflozin 150 MG / Metformin 1000 MG Oral Tablet [Vokanamet] Box of 180,Drug,RxNorm Extension,S,43526465
41324537,canagliflozin 150 MG / Metformin 850 MG Oral Tablet [Vokanamet] Box of 60 by Janssen,Drug,RxNorm Extension,S,43526465
42480777,dapagliflozin / Metformin Oral Tablet,Drug,RxNorm Extension,S,44785829
42480778,dapagliflozin 5 MG / Metformin 1000 MG Oral Tablet [Xigduo],Drug,RxNorm Extension,S,44785829
42482012,dapagliflozin 5 MG / Metformin 1000 MG Oral Tablet,Drug,RxNorm Extension,S,44785829
42482550,dapagliflozin / Metformin Oral Tablet [Xigduo],Drug,RxNorm Extension,S,44785829
42875429,empagliflozin 25 MG Delayed Release Oral Tablet Box of 14,Drug,RxNorm Extension,S,45774751
42875430,empagliflozin 25 MG Delayed Release Oral Tablet [Jardiance] Box of 14,Drug,RxNorm Extension,S,45774751
42875431,empagliflozin 25 MG Delayed Release Oral Tablet [Jardiance] Box of 14 by Boehringer Ingelheim,Drug,RxNorm Extension,S,45774751
42875432,empagliflozin 25 MG Oral Tablet Box of 14,Drug,RxNorm Extension,S,45774751
42875433,empagliflozin 25 MG Oral Tablet [Jardiance] Box of 14,Drug,RxNorm Extension,S,45774751
42875434,empagliflozin 25 MG Oral Tablet [Jardiance] Box of 14 by Boehringer Ingelheim,Drug,RxNorm Extension,S,45774751
42963147,empagliflozin 12.5 MG / Metformin 1000 MG Oral Tablet [JARDIANCE DUO],Drug,RxNorm Extension,S,45774751
42963148,empagliflozin 12.5 MG / Metformin 1000 MG [JARDIANCE DUO],Drug,RxNorm Extension,S,45774751
42963149,empagliflozin 12.5 MG / Metformin 500 MG Oral Tablet [JARDIANCE DUO],Drug,RxNorm Extension,S,45774751
42963150,empagliflozin 12.5 MG / Metformin 500 MG [JARDIANCE DUO],Drug,RxNorm Extension,S,45774751
42963151,empagliflozin 5 MG / Metformin 1000 MG Oral Tablet [JARDIANCE DUO],Drug,RxNorm Extension,S,45774751
42963152,empagliflozin 5 MG / Metformin 1000 MG [JARDIANCE DUO],Drug,RxNorm Extension,S,45774751
42963153,empagliflozin 5 MG / Metformin 500 MG Oral Tablet [JARDIANCE DUO],Drug,RxNorm Extension,S,45774751
42963154,empagliflozin 5 MG / Metformin 500 MG [JARDIANCE DUO],Drug,RxNorm Extension,S,45774751
42963155,empagliflozin 12.5 MG / Metformin 850 MG Oral Tablet [JARDIANCE DUO],Drug,RxNorm Extension,S,45774751
42963156,empagliflozin 12.5 MG / Metformin 850 MG [JARDIANCE DUO],Drug,RxNorm Extension,S,45774751
42963157,empagliflozin 5 MG / Metformin 850 MG Oral Tablet [JARDIANCE DUO],Drug,RxNorm Extension,S,45774751
42963158,empagliflozin 5 MG / Metformin 850 MG [JARDIANCE DUO],Drug,RxNorm Extension,S,45774751
42963159,empagliflozin / Metformin Oral Tablet [JARDIANCE DUO],Drug,RxNorm Extension,S,45774751
43256449,empagliflozin 5 MG / Metformin 1000 MG Oral Tablet Box of 14,Drug,RxNorm Extension,S,45774751
43256450,empagliflozin 12.5 MG / Metformin 500 MG Oral Tablet [Jardiamet],Drug,RxNorm Extension,S,45774751
43256451,empagliflozin 12.5 MG / Metformin 1000 MG Oral Tablet [Jardiamet] Box of 14,Drug,RxNorm Extension,S,45774751
43256458,dapagliflozin 10 MG / Metformin 1000 MG Extended Release Oral Tablet [Xigduo] Box of 28,Drug,RxNorm Extension,S,44785829
43256459,dapagliflozin 5 MG / Metformin 1000 MG Extended Release Oral Tablet Box of 56,Drug,RxNorm Extension,S,44785829
43258480,empagliflozin 25 MG Oral Tablet Box of 30,Drug,RxNorm Extension,S,45774751
43258637,dapagliflozin 10 MG Oral Tablet [Forxiga] Box of 7,Drug,RxNorm Extension,S,44785829
43261769,empagliflozin 5 MG / Metformin 500 MG Oral Tablet Box of 60,Drug,RxNorm Extension,S,45774751
43261770,empagliflozin 12.5 MG / Metformin 500 MG Oral Tablet [Jardiamet] Box of 14,Drug,RxNorm Extension,S,45774751
43267253,empagliflozin / Metformin Oral Tablet [Jardiamet],Drug,RxNorm Extension,S,45774751
43267254,empagliflozin 5 MG / Metformin 500 MG Oral Tablet Box of 14,Drug,RxNorm Extension,S,45774751
43267255,empagliflozin 5 MG / Metformin 1000 MG [Jardiamet],Drug,RxNorm Extension,S,45774751
43267256,empagliflozin 12.5 MG / Metformin 1000 MG Oral Tablet Box of 60,Drug,RxNorm Extension,S,45774751
43267257,empagliflozin 12.5 MG / Metformin 1000 MG Oral Tablet [Jardiamet],Drug,RxNorm Extension,S,45774751
43267258,empagliflozin 5 MG / Metformin 850 MG [Jardiamet],Drug,RxNorm Extension,S,45774751
43267259,empagliflozin 5 MG / Metformin 850 MG Oral Tablet [Jardiamet] Box of 14,Drug,RxNorm Extension,S,45774751
43267260,empagliflozin 12.5 MG / Metformin 850 MG Oral Tablet [Jardiamet] Box of 60,Drug,RxNorm Extension,S,45774751
43269375,empagliflozin 10 MG Oral Tablet Box of 30,Drug,RxNorm Extension,S,45774751
43272759,empagliflozin 5 MG / Metformin 500 MG Oral Tablet [Jardiamet] Box of 14,Drug,RxNorm Extension,S,45774751
43272760,empagliflozin 12.5 MG / Metformin 850 MG Oral Tablet [Jardiamet],Drug,RxNorm Extension,S,45774751
43278233,empagliflozin 5 MG / Metformin 1000 MG Oral Tablet [Jardiamet],Drug,RxNorm Extension,S,45774751
43278234,empagliflozin 5 MG / Metformin 850 MG Oral Tablet [Jardiamet],Drug,RxNorm Extension,S,45774751
43278235,empagliflozin 5 MG / Metformin 850 MG Oral Tablet [Jardiamet] Box of 60,Drug,RxNorm Extension,S,45774751
43278236,empagliflozin 12.5 MG / Metformin 850 MG Oral Tablet Box of 60,Drug,RxNorm Extension,S,45774751
43278243,dapagliflozin 10 MG / Metformin 500 MG Extended Release Oral Tablet Box of 28,Drug,RxNorm Extension,S,44785829
43280253,empagliflozin 25 MG Oral Tablet [Jardiance] Box of 30,Drug,RxNorm Extension,S,45774751
43283551,empagliflozin 5 MG / Metformin 500 MG [Jardiamet],Drug,RxNorm Extension,S,45774751
43283552,empagliflozin 5 MG / Metformin 500 MG Oral Tablet [Jardiamet] Box of 60,Drug,RxNorm Extension,S,45774751
43283553,empagliflozin 5 MG / Metformin 1000 MG Oral Tablet [Jardiamet] Box of 14,Drug,RxNorm Extension,S,45774751
43283554,empagliflozin 5 MG / Metformin 1000 MG Oral Tablet [Jardiamet] Box of 60,Drug,RxNorm Extension,S,45774751
43283555,empagliflozin 12.5 MG / Metformin 500 MG Oral Tablet Box of 14,Drug,RxNorm Extension,S,45774751
43283556,empagliflozin 12.5 MG / Metformin 1000 MG Oral Tablet Box of 14,Drug,RxNorm Extension,S,45774751
43283557,empagliflozin 12.5 MG / Metformin 1000 MG Oral Tablet [Jardiamet] Box of 60,Drug,RxNorm Extension,S,45774751
43283558,empagliflozin 5 MG / Metformin 850 MG Oral Tablet Box of 60,Drug,RxNorm Extension,S,45774751
43283559,empagliflozin 12.5 MG / Metformin 850 MG Oral Tablet Box of 14,Drug,RxNorm Extension,S,45774751
43289012,empagliflozin 5 MG / Metformin 500 MG Oral Tablet [Jardiamet],Drug,RxNorm Extension,S,45774751
43289013,empagliflozin 12.5 MG / Metformin 500 MG [Jardiamet],Drug,RxNorm Extension,S,45774751
43289014,empagliflozin 12.5 MG / Metformin 500 MG Oral Tablet Box of 60,Drug,RxNorm Extension,S,45774751
43289015,empagliflozin 12.5 MG / Metformin 500 MG Oral Tablet [Jardiamet] Box of 60,Drug,RxNorm Extension,S,45774751
43289016,empagliflozin 5 MG / Metformin 850 MG Oral Tablet Box of 14,Drug,RxNorm Extension,S,45774751
43289017,empagliflozin 12.5 MG / Metformin 850 MG Oral Tablet [Jardiamet] Box of 14,Drug,RxNorm Extension,S,45774751
43289019,dapagliflozin 10 MG / Metformin 500 MG Extended Release Oral Tablet [Xigduo] Box of 28,Drug,RxNorm Extension,S,44785829
43289020,dapagliflozin 10 MG / Metformin 1000 MG Extended Release Oral Tablet Box of 28,Drug,RxNorm Extension,S,44785829
43289021,dapagliflozin 5 MG / Metformin 1000 MG Extended Release Oral Tablet [Xigduo] Box of 56,Drug,RxNorm Extension,S,44785829
43291260,dapagliflozin 10 MG Oral Tablet Box of 7,Drug,RxNorm Extension,S,44785829
43294433,empagliflozin 5 MG / Metformin 1000 MG Oral Tablet Box of 60,Drug,RxNorm Extension,S,45774751
43294434,empagliflozin 12.5 MG / Metformin 1000 MG [Jardiamet],Drug,RxNorm Extension,S,45774751
43294435,empagliflozin 12.5 MG / Metformin 850 MG [Jardiamet],Drug,RxNorm Extension,S,45774751
43296487,empagliflozin 10 MG Oral Tablet [Jardiance] Box of 30,Drug,RxNorm Extension,S,45774751
43526465,canagliflozin,Drug,RxNorm,S,43526465
43526466,canagliflozin 100 MG,Drug,RxNorm,S,43526465
43526467,canagliflozin 100 MG Oral Tablet,Drug,RxNorm,S,43526465
43526468,canagliflozin 100 MG Oral Tablet [Invokana],Drug,RxNorm,S,43526465
43526469,canagliflozin 100 MG [Invokana],Drug,RxNorm,S,43526465
43526470,canagliflozin 300 MG,Drug,RxNorm,S,43526465
43526471,canagliflozin 300 MG Oral Tablet,Drug,RxNorm,S,43526465
43526472,canagliflozin 300 MG Oral Tablet [Invokana],Drug,RxNorm,S,43526465
43526473,canagliflozin 300 MG [Invokana],Drug,RxNorm,S,43526465
43526474,canagliflozin Oral Tablet,Drug,RxNorm,S,43526465
43526475,canagliflozin Oral Tablet [Invokana],Drug,RxNorm,S,43526465
44037881,dapagliflozin 5 MG Oral Tablet [Farxiga] by Astrazeneca,Drug,RxNorm Extension,S,44785829
44041679,empagliflozin 10 MG / Linagliptin 5 MG [Glyxamb],Drug,RxNorm Extension,S,45774751
44054759,empagliflozin 25 MG / Linagliptin 5 MG [Glyxamb],Drug,RxNorm Extension,S,45774751
44063847,empagliflozin 10 MG / Linagliptin 5 MG Oral Tablet [Glyxamb] by Boehringer Ingelheim,Drug,RxNorm Extension,S,45774751
44064379,canagliflozin 150 MG / Metformin 850 MG Oral Tablet [Invokamet] by Janssen,Drug,RxNorm Extension,S,43526465
44074012,canagliflozin 150 MG / Metformin 850 MG Oral Tablet [Invokamet],Drug,RxNorm Extension,S,43526465
44076525,empagliflozin 5 MG / Metformin 500 MG Oral Tablet [Synjardy] by Boehringer Ingelheim,Drug,RxNorm Extension,S,45774751
44077112,canagliflozin 150 MG / Metformin 500 MG Oral Tablet [Invokamet] by Janssen,Drug,RxNorm Extension,S,43526465
44080802,canagliflozin 50 MG / Metformin 850 MG [Invokamet],Drug,RxNorm Extension,S,43526465
44089406,empagliflozin 12.5 MG / Metformin 500 MG Oral Tablet [Synjardy] by Boehringer Ingelheim,Drug,RxNorm Extension,S,45774751
44089407,empagliflozin 25 MG / Linagliptin 5 MG Oral Tablet [Glyxamb] by Boehringer Ingelheim,Drug,RxNorm Extension,S,45774751
44090000,canagliflozin 150 MG / Metformin 1000 MG Oral Tablet [Invokamet] by Janssen,Drug,RxNorm Extension,S,43526465
44090001,canagliflozin 50 MG / Metformin 1000 MG Oral Tablet [Invokamet] by Janssen,Drug,RxNorm Extension,S,43526465
44093817,canagliflozin 150 MG / Metformin 850 MG [Invokamet],Drug,RxNorm Extension,S,43526465
44095942,empagliflozin / Linagliptin Oral Tablet [Glyxamb],Drug,RxNorm Extension,S,45774751
44099492,empagliflozin 10 MG / Linagliptin 5 MG Oral Tablet [Glyxamb],Drug,RxNorm Extension,S,45774751
44103028,canagliflozin 50 MG / Metformin 500 MG Oral Tablet [Invokamet] by Janssen,Drug,RxNorm Extension,S,43526465
44112267,empagliflozin 25 MG / Linagliptin 5 MG Oral Tablet [Glyxamb],Drug,RxNorm Extension,S,45774751
44112687,canagliflozin 50 MG / Metformin 850 MG Oral Tablet [Invokamet],Drug,RxNorm Extension,S,43526465
44115849,canagliflozin 50 MG / Metformin 850 MG Oral Tablet [Invokamet] by Janssen,Drug,RxNorm Extension,S,43526465
44123708,canagliflozin 150 MG / Metformin 850 MG Oral Tablet,Drug,RxNorm Extension,S,43526465
44128622,dapagliflozin 10 MG Oral Tablet [Farxiga] by Astrazeneca,Drug,RxNorm Extension,S,44785829
44159057,empagliflozin 5 MG / Metformin 1000 MG Extended Release Oral Tablet Box of 90,Drug,RxNorm Extension,S,45774751
44160227,dapagliflozin 10 MG Oral Tablet [Forxiga] Box of 98 by European,Drug,RxNorm Extension,S,44785829
44162435,empagliflozin 5 MG / Metformin 1000 MG Extended Release Oral Tablet [Synjardy] Box of 60,Drug,RxNorm Extension,S,45774751
44164006,dapagliflozin 5 MG / Metformin 1000 MG Extended Release Oral Tablet [Xigduo] Box of 60 by Astrazeneca,Drug,RxNorm Extension,S,44785829
44165113,canagliflozin 50 MG / Metformin 1000 MG Extended Release Oral Tablet Box of 180,Drug,RxNorm Extension,S,43526465
44173714,empagliflozin 5 MG / Metformin 1000 MG Extended Release Oral Tablet [Synjardy] Box of 90,Drug,RxNorm Extension,S,45774751
44176351,empagliflozin 5 MG / Metformin 1000 MG Extended Release Oral Tablet Box of 60,Drug,RxNorm Extension,S,45774751
44178942,empagliflozin 5 MG / Metformin 850 MG Oral Tablet [Synjardy] Box of 90 by Boehringer Ingelheim,Drug,RxNorm Extension,S,45774751
44181253,dapagliflozin 5 MG / Metformin 1000 MG Extended Release Oral Tablet [Xigduo] Box of 60,Drug,RxNorm Extension,S,44785829
44182672,empagliflozin 5 MG / Metformin 1000 MG Extended Release Oral Tablet [Synjardy] Box of 60 by Boehringer Ingelheim,Drug,RxNorm Extension,S,45774751
44182774,dapagliflozin 10 MG Oral Tablet [Forxiga] Box of 28 by European,Drug,RxNorm Extension,S,44785829
44183834,dapagliflozin 5 MG / Metformin 1000 MG Extended Release Oral Tablet Box of 60,Drug,RxNorm Extension,S,44785829
44188969,canagliflozin 50 MG / Metformin 1000 MG Extended Release Oral Tablet [Vokanamet] Box of 180,Drug,RxNorm Extension,S,43526465
44785473,dapagliflozin 10 MG Oral Tablet [Farxiga],Drug,RxNorm,S,44785829
44785477,dapagliflozin 5 MG Oral Tablet [Farxiga],Drug,RxNorm,S,44785829
44785829,dapagliflozin,Drug,RxNorm,S,44785829
44785830,dapagliflozin 10 MG,Drug,RxNorm,S,44785829
44785831,dapagliflozin 10 MG Oral Tablet,Drug,RxNorm,S,44785829
44785832,dapagliflozin 5 MG,Drug,RxNorm,S,44785829
44785833,dapagliflozin 5 MG Oral Tablet,Drug,RxNorm,S,44785829
44785834,dapagliflozin Oral Tablet,Drug,RxNorm,S,44785829
44815995,dapagliflozin Oral Tablet [Farxiga],Drug,RxNorm,S,44785829
44815996,dapagliflozin 5 MG [Farxiga],Drug,RxNorm,S,44785829
44816049,dapagliflozin 10 MG [Farxiga],Drug,RxNorm,S,44785829
45774708,canagliflozin 150 MG,Drug,RxNorm,S,43526465
45774709,canagliflozin / metformin Oral Tablet,Drug,RxNorm,S,43526465
45774710,canagliflozin 150 MG / metformin hydrochloride 1000 MG Oral Tablet,Drug,RxNorm,S,43526465
45774712,canagliflozin 150 MG / metformin hydrochloride 1000 MG [Invokamet],Drug,RxNorm,S,43526465
45774713,canagliflozin / metformin Oral Tablet [Invokamet],Drug,RxNorm,S,43526465
45774714,canagliflozin 150 MG / metformin hydrochloride 1000 MG Oral Tablet [Invokamet],Drug,RxNorm,S,43526465
45774715,canagliflozin 150 MG / metformin hydrochloride 500 MG Oral Tablet,Drug,RxNorm,S,43526465
45774716,canagliflozin 150 MG / metformin hydrochloride 500 MG [Invokamet],Drug,RxNorm,S,43526465
45774717,canagliflozin 150 MG / metformin hydrochloride 500 MG Oral Tablet [Invokamet],Drug,RxNorm,S,43526465
45774718,canagliflozin 50 MG,Drug,RxNorm,S,43526465
45774719,canagliflozin 50 MG / metformin hydrochloride 1000 MG Oral Tablet,Drug,RxNorm,S,43526465
45774720,canagliflozin 50 MG / metformin hydrochloride 1000 MG [Invokamet],Drug,RxNorm,S,43526465
45774721,canagliflozin 50 MG / metformin hydrochloride 1000 MG Oral Tablet [Invokamet],Drug,RxNorm,S,43526465
45774722,canagliflozin 50 MG / metformin hydrochloride 500 MG Oral Tablet,Drug,RxNorm,S,43526465
45774723,canagliflozin 50 MG / metformin hydrochloride 500 MG [Invokamet],Drug,RxNorm,S,43526465
45774724,canagliflozin 50 MG / metformin hydrochloride 500 MG Oral Tablet [Invokamet],Drug,RxNorm,S,43526465
45774751,empagliflozin,Drug,RxNorm,S,45774751
45774752,empagliflozin 10 MG,Drug,RxNorm,S,45774751
45774753,empagliflozin Oral Tablet,Drug,RxNorm,S,45774751
45774754,empagliflozin 10 MG Oral Tablet,Drug,RxNorm,S,45774751
45774756,empagliflozin 10 MG [Jardiance],Drug,RxNorm,S,45774751
45774757,empagliflozin Oral Tablet [Jardiance],Drug,RxNorm,S,45774751
45774758,empagliflozin 10 MG Oral Tablet [Jardiance],Drug,RxNorm,S,45774751
45774759,empagliflozin 25 MG,Drug,RxNorm,S,45774751
45774893,empagliflozin 25 MG Oral Tablet,Drug,RxNorm,S,45774751
45774894,empagliflozin 25 MG [Jardiance],Drug,RxNorm,S,45774751
45774895,empagliflozin 25 MG Oral Tablet [Jardiance],Drug,RxNorm,S,45774751
45775388,dapagliflozin 10 MG / metformin hydrochloride 1000 MG [Xigduo],Drug,RxNorm,S,44785829
45775454,dapagliflozin / metformin Extended Release Oral Tablet,Drug,RxNorm,S,44785829
45775455,24 HR dapagliflozin 10 MG / metformin hydrochloride 1000 MG Extended Release Oral Tablet,Drug,RxNorm,S,44785829
45775456,dapagliflozin 10 MG / metformin hydrochloride 1000 MG Extended Release Oral Tablet,Drug,RxNorm,S,44785829
45775619,24 HR dapagliflozin 10 MG / metformin hydrochloride 500 MG Extended Release Oral Tablet,Drug,RxNorm,S,44785829
45775620,dapagliflozin 10 MG / metformin hydrochloride 500 MG Extended Release Oral Tablet,Drug,RxNorm,S,44785829
45775621,24 HR dapagliflozin 5 MG / metformin hydrochloride 1000 MG Extended Release Oral Tablet,Drug,RxNorm,S,44785829
45775622,dapagliflozin 5 MG / metformin hydrochloride 1000 MG Extended Release Oral Tablet,Drug,RxNorm,S,44785829
45775623,24 HR dapagliflozin 5 MG / metformin hydrochloride 500 MG Extended Release Oral Tablet,Drug,RxNorm,S,44785829
45775624,dapagliflozin 5 MG / metformin hydrochloride 500 MG Extended Release Oral Tablet,Drug,RxNorm,S,44785829
45775859,dapagliflozin / metformin Extended Release Oral Tablet [Xigduo],Drug,RxNorm,S,44785829
45775860,24 HR dapagliflozin 10 MG / metformin hydrochloride 1000 MG Extended Release Oral Tablet [Xigduo],Drug,RxNorm,S,44785829
45775861,dapagliflozin 10 MG / metformin hydrochloride 1000 MG Extended Release Oral Tablet [Xigduo],Drug,RxNorm,S,44785829
45775862,dapagliflozin 10 MG / metformin hydrochloride 500 MG [Xigduo],Drug,RxNorm,S,44785829
45775863,dapagliflozin 10 MG / metformin hydrochloride 500 MG Extended Release Oral Tablet [Xigduo],Drug,RxNorm,S,44785829
45775864,dapagliflozin 5 MG / metformin hydrochloride 1000 MG [Xigduo],Drug,RxNorm,S,44785829
45775865,dapagliflozin 5 MG / metformin hydrochloride 1000 MG Extended Release Oral Tablet [Xigduo],Drug,RxNorm,S,44785829
45775866,dapagliflozin 5 MG / metformin hydrochloride 500 MG [Xigduo],Drug,RxNorm,S,44785829
45775867,24 HR dapagliflozin 5 MG / metformin hydrochloride 500 MG Extended Release Oral Tablet [Xigduo],Drug,RxNorm,S,44785829
45775868,dapagliflozin 5 MG / metformin hydrochloride 500 MG Extended Release Oral Tablet [Xigduo],Drug,RxNorm,S,44785829
45775999,24 HR dapagliflozin 5 MG / metformin hydrochloride 1000 MG Extended Release Oral Tablet [Xigduo],Drug,RxNorm,S,44785829
45776000,24 HR dapagliflozin 10 MG / metformin hydrochloride 500 MG Extended Release Oral Tablet [Xigduo],Drug,RxNorm,S,44785829
45892171,empagliflozin / linagliptin Oral Tablet,Drug,RxNorm,S,45774751
45892172,empagliflozin 10 MG / linagliptin 5 MG Oral Tablet,Drug,RxNorm,S,45774751
45892174,empagliflozin 10 MG / linagliptin 5 MG [Glyxambi],Drug,RxNorm,S,45774751
45892175,empagliflozin / linagliptin Oral Tablet [Glyxambi],Drug,RxNorm,S,45774751
45892176,empagliflozin 10 MG / linagliptin 5 MG Oral Tablet [Glyxambi],Drug,RxNorm,S,45774751
45892177,empagliflozin 25 MG / linagliptin 5 MG Oral Tablet,Drug,RxNorm,S,45774751
45892178,empagliflozin 25 MG / linagliptin 5 MG [Glyxambi],Drug,RxNorm,S,45774751
45892179,empagliflozin 25 MG / linagliptin 5 MG Oral Tablet [Glyxambi],Drug,RxNorm,S,45774751
46287408,empagliflozin 12.5 MG / metformin hydrochloride 1000 MG Oral Tablet,Drug,RxNorm,S,45774751
46287409,empagliflozin 12.5 MG / metformin hydrochloride 1000 MG [Synjardy],Drug,RxNorm,S,45774751
46287410,empagliflozin 12.5 MG / metformin hydrochloride 1000 MG Oral Tablet [Synjardy],Drug,RxNorm,S,45774751
46287678,empagliflozin 5 MG,Drug,RxNorm,S,45774751
46287679,empagliflozin / metformin Oral Tablet,Drug,RxNorm,S,45774751
46287680,empagliflozin 5 MG / metformin hydrochloride 500 MG Oral Tablet,Drug,RxNorm,S,45774751
46287682,empagliflozin 5 MG / metformin hydrochloride 500 MG [Synjardy],Drug,RxNorm,S,45774751
46287683,empagliflozin / metformin Oral Tablet [Synjardy],Drug,RxNorm,S,45774751
46287684,empagliflozin 5 MG / metformin hydrochloride 500 MG Oral Tablet [Synjardy],Drug,RxNorm,S,45774751
46287685,empagliflozin 12.5 MG,Drug,RxNorm,S,45774751
46287686,empagliflozin 12.5 MG / metformin hydrochloride 500 MG Oral Tablet,Drug,RxNorm,S,45774751
46287687,empagliflozin 12.5 MG / metformin hydrochloride 500 MG [Synjardy],Drug,RxNorm,S,45774751
46287688,empagliflozin 12.5 MG / metformin hydrochloride 500 MG Oral Tablet [Synjardy],Drug,RxNorm,S,45774751
46287689,empagliflozin 5 MG / metformin hydrochloride 1000 MG Oral Tablet,Drug,RxNorm,S,45774751
46287690,empagliflozin 5 MG / metformin hydrochloride 1000 MG [Synjardy],Drug,RxNorm,S,45774751
46287691,empagliflozin 5 MG / metformin hydrochloride 1000 MG Oral Tablet [Synjardy],Drug,RxNorm,S,45774751
